ReporterISO3;PartnerISO3;TradeValue in 1000 USD;;;;;;ad initat;ad measure;year of AD law adoption;ad_law_years;total_ad_initations;total_ad_measures;ad_initations_per_year
ARG;AUS;269301,486;;;;;ARG;6;11;1972;43;201;91;9,57
ARG;AUT;167651,786;;;;;AUS;10;10;1906;109;829;340;39,48
ARG;BEL;287343,936;;;;;AUT;11;10;1971;44;9;0;0
ARG;BGR;11561,202;;;;;BEL;11;10;1968;47;784;578;37,33
ARG;BLR;9072,426;;;;;BGR;11;10;1993;22;0;0;0
ARG;BRA;13043715,63;;;;;BLR;0;0;0;0;0;0;0
ARG;CAN;462815,851;;;;;BRA;23;31;1987;28;143;71;9,53
ARG;CHE;690859,545;;;;;CAN;3;13;1904;111;478;279;22,76
ARG;CHN;11826421,98;;;;;CHE;0;0;0;0;0;0;0
ARG;CYP;64,5;;;;;CHN;11;5;1997;18;22;9;5,5
ARG;CZE;157933,537;;;;;CYP;11;10;1956;59;0;0;0
ARG;DEU;3128677,094;;;;;CZE;11;10;1997;18;3;1;0,75
ARG;DNK;172140,729;;;;;DEU;11;10;1968;47;784;578;37,33
ARG;ESP;959348,403;;;;;DNK;11;10;1968;47;784;578;37,33
ARG;EST;67561,734;;;;;ESP;11;10;1982;33;1;1;0,25
ARG;FIN;141312,855;;;;;EST;11;10;1968;47;784;578;37,33
ARG;FRA;1453133,864;;;;;FIN;11;10;1958;57;16;11;1,07
ARG;GBR;559936,367;;;;;FRA;11;10;1968;47;784;578;37,33
ARG;GRC;13981,234;;;;;GBR;11;10;1968;47;784;578;37,33
ARG;HRV;3542,732;;;;;GRC;11;10;1968;47;784;578;37,33
ARG;HUN;150958,116;;;;;HRV;11;10;1999;16;0;0;0
ARG;IND;725570,986;;;;;HUN;11;10;1994;21;0;0;0
ARG;IRL;205599,724;;;;;IND;30;38;1985;30;192;138;11,29
ARG;LTU;8579,768;;;;;IRL;11;10;1968;47;784;578;37,33
ARG;LUX;10259,208;;;;;LTU;11;10;1998;17;14;0;4,66
ARG;LVA;4105,533;;;;;LUX;11;10;1968;47;784;578;37,33
ARG;MLT;2187,264;;;;;LVA;11;10;2000;15;0;0;0
ARG;NLD;456028,087;;;;;MLT;11;10;1968;47;784;578;37,33
ARG;NZL;21448,834;;;;;NLD;11;10;1968;47;784;578;37,33
ARG;PHL;93118,506;;;;;NZL;0;0;1921;94;85;41;4,05
ARG;POL;183146,984;;;;;PHL;0;1;1994;21;19;12;2,71
ARG;PRT;174567,214;;;;;POL;11;10;1997;18;28;7;4,67
ARG;RUS;678763,305;;;;;PRT;11;10;1968;47;784;578;37,33
ARG;SVK;46084,371;;;;;RUS;1;5;1998;17;2;0;0,66
ARG;SVN;16449,039;;;;;SVK;11;10;1997;18;0;0;0
ARG;SWE;240456,454;;;;;SVN;11;10;1993;22;1;1;0,25
ARG;TUR;187495,038;;;;;SWE;11;10;1968;47;784;578;37,33
ARG;UKR;28154,079;;;;;TUR;16;7;1989;26;94;49;7,83
ARG;USA;7937085,014;;;;;UKR;2;1;0;0;0;0;0
ARG;ZAF;179087,875;;;;;USA;42;14;1916;99;856;508;40,76
AUS;ARG;622639,426;;;;;ZAF;0;5;1914;101;230;118;10,95
AUS;AUS;8274,784;;;;;NOR;11;10;1954;61;0;0;0
AUS;AUT;822566,208;;;;;KOR;4;3;1963;52;66;43;3,14
AUS;BEL;1239098,334;;;;;MEX;9;9;1986;29;180;112;12
AUS;BGR;40529,741;;;;;IDN;6;6;0;0;0;0;0
AUS;BLR;2793,651;;;;;ITA;11;10;1968;47;784;578;37,33
AUS;BRA;481879,404;;;;;;;;;;;;
AUS;CAN;1666834,997;;;;;;;;;;;;
AUS;CHE;2420112,605;;;;;;;;;;;;
AUS;CHN;45788265,57;;;;;;;;;;;;
AUS;CYP;16672,289;;;;;;;;;;;;
AUS;CZE;629627,583;;;;;;;;;;;;
AUS;DEU;9226494,6;;;;;;;;;;;;
AUS;DNK;844718,66;;;;;;;;;;;;
AUS;ESP;1524923,342;;;;;;;;;;;;
AUS;EST;45560,651;;;;;;;;;;;;
AUS;FIN;528934,925;;;;;;;;;;;;
AUS;FRA;3267416,868;;;;;;;;;;;;
AUS;GBR;5301136,032;;;;;;;;;;;;
AUS;GRC;150157,352;;;;;;;;;;;;
AUS;HRV;18875,279;;;;;;;;;;;;
AUS;HUN;409321,285;;;;;;;;;;;;
AUS;IND;3557771,629;;;;;;;;;;;;
AUS;IRL;1561512,305;;;;;;;;;;;;
AUS;LTU;33786,85;;;;;;;;;;;;
AUS;LUX;18439,447;;;;;;;;;;;;
AUS;LVA;16031,3;;;;;;;;;;;;
AUS;MLT;17069,801;;;;;;;;;;;;
AUS;NLD;1586290,703;;;;;;;;;;;;
AUS;NZL;5672496,926;;;;;;;;;;;;
AUS;PHL;540642,658;;;;;;;;;;;;
AUS;POL;572776,303;;;;;;;;;;;;
AUS;PRT;142626,012;;;;;;;;;;;;
AUS;RUS;252418,338;;;;;;;;;;;;
AUS;SVK;344227,27;;;;;;;;;;;;
AUS;SVN;76735,969;;;;;;;;;;;;
AUS;SWE;1438175,845;;;;;;;;;;;;
AUS;TUR;570875,066;;;;;;;;;;;;
AUS;UKR;20798,217;;;;;;;;;;;;
AUS;USA;22249587,38;;;;;;;;;;;;
AUS;ZAF;876720,832;;;;;;;;;;;;
AUT;ARG;170916,972;;;;;;;;;;;;
AUT;AUS;85634,742;;;;;;;;;;;;
AUT;BEL;2106367,977;;;;;;;;;;;;
AUT;BGR;450243,051;;;;;;;;;;;;
AUT;BLR;24030,032;;;;;;;;;;;;
AUT;BRA;314911,192;;;;;;;;;;;;
AUT;CAN;370830,092;;;;;;;;;;;;
AUT;CHE;8575776,166;;;;;;;;;;;;
AUT;CHN;8718564,795;;;;;;;;;;;;
AUT;CYP;29200,032;;;;;;;;;;;;
AUT;CZE;6160110,55;;;;;;;;;;;;
AUT;DEU;53728635,29;;;;;;;;;;;;
AUT;DNK;598646,759;;;;;;;;;;;;
AUT;ESP;2395913,264;;;;;;;;;;;;
AUT;EST;42365,425;;;;;;;;;;;;
AUT;FIN;522859,234;;;;;;;;;;;;
AUT;FRA;3933803,599;;;;;;;;;;;;
AUT;GBR;2600357,935;;;;;;;;;;;;
AUT;GRC;225717,716;;;;;;;;;;;;
AUT;HRV;597628,893;;;;;;;;;;;;
AUT;HUN;3827024,366;;;;;;;;;;;;
AUT;IND;767719,926;;;;;;;;;;;;
AUT;IRL;552019,018;;;;;;;;;;;;
AUT;LTU;102963,446;;;;;;;;;;;;
AUT;LUX;287387,917;;;;;;;;;;;;
AUT;LVA;36910,305;;;;;;;;;;;;
AUT;MLT;13355,479;;;;;;;;;;;;
AUT;NLD;3832872,861;;;;;;;;;;;;
AUT;NZL;50377,876;;;;;;;;;;;;
AUT;PHL;141717,179;;;;;;;;;;;;
AUT;POL;3302798,033;;;;;;;;;;;;
AUT;PRT;552924,291;;;;;;;;;;;;
AUT;RUS;686755,041;;;;;;;;;;;;
AUT;SVK;3275580,073;;;;;;;;;;;;
AUT;SVN;1906374,387;;;;;;;;;;;;
AUT;SWE;1363542,66;;;;;;;;;;;;
AUT;TUR;1612461,626;;;;;;;;;;;;
AUT;UKR;255650,665;;;;;;;;;;;;
AUT;USA;5750741,738;;;;;;;;;;;;
AUT;ZAF;186106,893;;;;;;;;;;;;
BEL;ARG;180916,235;;;;;;;;;;;;
BEL;AUS;629413,031;;;;;;;;;;;;
BEL;AUT;1548179,1;;;;;;;;;;;;
BEL;BGR;911040,06;;;;;;;;;;;;
BEL;BLR;99235,442;;;;;;;;;;;;
BEL;BRA;1604911,779;;;;;;;;;;;;
BEL;CAN;2008905,11;;;;;;;;;;;;
BEL;CHE;2696135,135;;;;;;;;;;;;
BEL;CHN;7567161,251;;;;;;;;;;;;
BEL;CYP;89672,016;;;;;;;;;;;;
BEL;CZE;3263895,526;;;;;;;;;;;;
BEL;DEU;38206644,49;;;;;;;;;;;;
BEL;DNK;1106978,005;;;;;;;;;;;;
BEL;ESP;5437281,39;;;;;;;;;;;;
BEL;EST;150169,442;;;;;;;;;;;;
BEL;FIN;995176,704;;;;;;;;;;;;
BEL;FRA;28796007,32;;;;;;;;;;;;
BEL;GBR;14292899,29;;;;;;;;;;;;
BEL;GRC;308280,498;;;;;;;;;;;;
BEL;HRV;118641,413;;;;;;;;;;;;
BEL;HUN;1568721,333;;;;;;;;;;;;
BEL;IND;3229769,395;;;;;;;;;;;;
BEL;IRL;2807628,83;;;;;;;;;;;;
BEL;LTU;338457,515;;;;;;;;;;;;
BEL;LUX;2926387,773;;;;;;;;;;;;
BEL;LVA;116934,296;;;;;;;;;;;;
BEL;MLT;42833,926;;;;;;;;;;;;
BEL;NLD;55124600,17;;;;;;;;;;;;
BEL;NZL;302356,663;;;;;;;;;;;;
BEL;PHL;167108,348;;;;;;;;;;;;
BEL;POL;3480661,46;;;;;;;;;;;;
BEL;PRT;1077002,274;;;;;;;;;;;;
BEL;RUS;7099480,609;;;;;;;;;;;;
BEL;SVK;795229,548;;;;;;;;;;;;
BEL;SVN;216530,369;;;;;;;;;;;;
BEL;SWE;5562048,329;;;;;;;;;;;;
BEL;TUR;2127734,915;;;;;;;;;;;;
BEL;UKR;277892,707;;;;;;;;;;;;
BEL;USA;12601673,07;;;;;;;;;;;;
BEL;ZAF;1294246,578;;;;;;;;;;;;
BGR;ARG;18030,311;;;;;;;;;;;;
BGR;AUS;164055,158;;;;;;;;;;;;
BGR;AUT;735142,392;;;;;;;;;;;;
BGR;BEL;643477,417;;;;;;;;;;;;
BGR;BLR;35192,097;;;;;;;;;;;;
BGR;BRA;33607,045;;;;;;;;;;;;
BGR;CAN;30690,479;;;;;;;;;;;;
BGR;CHE;208963,142;;;;;;;;;;;;
BGR;CHN;1067157,314;;;;;;;;;;;;
BGR;CYP;45086,218;;;;;;;;;;;;
BGR;CZE;592817,936;;;;;;;;;;;;
BGR;DEU;3467201,574;;;;;;;;;;;;
BGR;DNK;134369,558;;;;;;;;;;;;
BGR;ESP;1354823,995;;;;;;;;;;;;
BGR;EST;12896,522;;;;;;;;;;;;
BGR;FIN;66943,477;;;;;;;;;;;;
BGR;FRA;874320,016;;;;;;;;;;;;
BGR;GBR;500605,534;;;;;;;;;;;;
BGR;GRC;1283876,197;;;;;;;;;;;;
BGR;HRV;65803,176;;;;;;;;;;;;
BGR;HUN;1047995,177;;;;;;;;;;;;
BGR;IND;155963,619;;;;;;;;;;;;
BGR;IRL;89318,288;;;;;;;;;;;;
BGR;LTU;44376,927;;;;;;;;;;;;
BGR;LUX;88280,748;;;;;;;;;;;;
BGR;LVA;31925,44;;;;;;;;;;;;
BGR;MLT;11270,016;;;;;;;;;;;;
BGR;NLD;933259,401;;;;;;;;;;;;
BGR;NZL;5230,247;;;;;;;;;;;;
BGR;PHL;19038,906;;;;;;;;;;;;
BGR;POL;856764,325;;;;;;;;;;;;
BGR;PRT;63267,706;;;;;;;;;;;;
BGR;RUS;3498741,858;;;;;;;;;;;;
BGR;SVK;415528,774;;;;;;;;;;;;
BGR;SVN;189215,148;;;;;;;;;;;;
BGR;SWE;171407,87;;;;;;;;;;;;
BGR;TUR;1655191,843;;;;;;;;;;;;
BGR;UKR;518916,266;;;;;;;;;;;;
BGR;USA;265168,912;;;;;;;;;;;;
BGR;ZAF;13794,268;;;;;;;;;;;;
BLR;ARG;56974,8;;;;;;;;;;;;
BLR;AUS;8821,6;;;;;;;;;;;;
BLR;AUT;164165,8;;;;;;;;;;;;
BLR;BEL;186994,8;;;;;;;;;;;;
BLR;BGR;34743,2;;;;;;;;;;;;
BLR;BRA;124484,4;;;;;;;;;;;;
BLR;CAN;19530,4;;;;;;;;;;;;
BLR;CHE;206570,7;;;;;;;;;;;;
BLR;CHN;2321366,8;;;;;;;;;;;;
BLR;CYP;1041;;;;;;;;;;;;
BLR;CZE;275505,9;;;;;;;;;;;;
BLR;DEU;1384142,4;;;;;;;;;;;;
BLR;DNK;82715,1;;;;;;;;;;;;
BLR;ESP;249388,8;;;;;;;;;;;;
BLR;EST;24992,3;;;;;;;;;;;;
BLR;FIN;76931,7;;;;;;;;;;;;
BLR;FRA;320634,8;;;;;;;;;;;;
BLR;GBR;176069,7;;;;;;;;;;;;
BLR;GRC;27700,6;;;;;;;;;;;;
BLR;HRV;27185,3;;;;;;;;;;;;
BLR;HUN;126027,1;;;;;;;;;;;;
BLR;IND;128439,3;;;;;;;;;;;;
BLR;IRL;31067,3;;;;;;;;;;;;
BLR;LTU;277590,5;;;;;;;;;;;;
BLR;LUX;4503,8;;;;;;;;;;;;
BLR;LVA;77062,6;;;;;;;;;;;;
BLR;MLT;737,1;;;;;;;;;;;;
BLR;NLD;210882;;;;;;;;;;;;
BLR;NZL;4664,2;;;;;;;;;;;;
BLR;PHL;12893,9;;;;;;;;;;;;
BLR;POL;1083529,9;;;;;;;;;;;;
BLR;PRT;25559,2;;;;;;;;;;;;
BLR;RUS;16148924,5;;;;;;;;;;;;
BLR;SVK;76489,7;;;;;;;;;;;;
BLR;SVN;71219,8;;;;;;;;;;;;
BLR;SWE;80927,7;;;;;;;;;;;;
BLR;TUR;487066,1;;;;;;;;;;;;
BLR;UKR;949014,6;;;;;;;;;;;;
BLR;USA;394493,6;;;;;;;;;;;;
BLR;ZAF;122746,5;;;;;;;;;;;;
BRA;ARG;10667642,53;;;;;;;;;;;;
BRA;AUS;1129165,111;;;;;;;;;;;;
BRA;AUT;935628,334;;;;;;;;;;;;
BRA;BEL;1687511,606;;;;;;;;;;;;
BRA;BGR;45380,861;;;;;;;;;;;;
BRA;BLR;546627,959;;;;;;;;;;;;
BRA;CAN;2585226,874;;;;;;;;;;;;
BRA;CHE;2412473,514;;;;;;;;;;;;
BRA;CHN;31999008;;;;;;;;;;;;
BRA;CYP;1127,222;;;;;;;;;;;;
BRA;CZE;451089,613;;;;;;;;;;;;
BRA;DEU;10719141,8;;;;;;;;;;;;
BRA;DNK;689436,565;;;;;;;;;;;;
BRA;ESP;3687226,409;;;;;;;;;;;;
BRA;EST;23663,55;;;;;;;;;;;;
BRA;FIN;590134,161;;;;;;;;;;;;
BRA;FRA;4579908,089;;;;;;;;;;;;
BRA;GBR;2882537,494;;;;;;;;;;;;
BRA;GRC;53418,305;;;;;;;;;;;;
BRA;HRV;9083,176;;;;;;;;;;;;
BRA;HUN;430438,583;;;;;;;;;;;;
BRA;IND;4481208,77;;;;;;;;;;;;
BRA;IRL;533788,544;;;;;;;;;;;;
BRA;LTU;22219,316;;;;;;;;;;;;
BRA;LUX;96690,646;;;;;;;;;;;;
BRA;LVA;34018,33;;;;;;;;;;;;
BRA;MLT;20731,247;;;;;;;;;;;;
BRA;NLD;2581615,689;;;;;;;;;;;;
BRA;NZL;58499,446;;;;;;;;;;;;
BRA;PHL;263778,583;;;;;;;;;;;;
BRA;POL;555003,976;;;;;;;;;;;;
BRA;PRT;846989,772;;;;;;;;;;;;
BRA;RUS;2357545,611;;;;;;;;;;;;
BRA;SVK;124125,445;;;;;;;;;;;;
BRA;SVN;65490,444;;;;;;;;;;;;
BRA;SWE;1199931,238;;;;;;;;;;;;
BRA;TUR;602816,491;;;;;;;;;;;;
BRA;UKR;67016,665;;;;;;;;;;;;
BRA;USA;28020949,49;;;;;;;;;;;;
BRA;ZAF;677605,717;;;;;;;;;;;;
CAN;ARG;1462939,494;;;;;;;;;;;;
CAN;AUS;1293197,03;;;;;;;;;;;;
CAN;AUT;1278875,668;;;;;;;;;;;;
CAN;BEL;1645688,162;;;;;;;;;;;;
CAN;BGR;100797,045;;;;;;;;;;;;
CAN;BLR;27621,128;;;;;;;;;;;;
CAN;BRA;2916654,703;;;;;;;;;;;;
CAN;CAN;0;;;;;;;;;;;;
CAN;CHE;3527773,173;;;;;;;;;;;;
CAN;CHN;51332775,77;;;;;;;;;;;;
CAN;CYP;3060,652;;;;;;;;;;;;
CAN;CZE;448798,471;;;;;;;;;;;;
CAN;DEU;13430967,02;;;;;;;;;;;;
CAN;DNK;794472,959;;;;;;;;;;;;
CAN;ESP;1831280,425;;;;;;;;;;;;
CAN;EST;84041,538;;;;;;;;;;;;
CAN;FIN;749585,468;;;;;;;;;;;;
CAN;FRA;5192853,798;;;;;;;;;;;;
CAN;GBR;7002016,485;;;;;;;;;;;;
CAN;GRC;172611,154;;;;;;;;;;;;
CAN;HRV;41938,743;;;;;;;;;;;;
CAN;HUN;478662,12;;;;;;;;;;;;
CAN;IND;3078103,079;;;;;;;;;;;;
CAN;IRL;1310585,793;;;;;;;;;;;;
CAN;LTU;184126,29;;;;;;;;;;;;
CAN;LUX;144405,41;;;;;;;;;;;;
CAN;LVA;34083,309;;;;;;;;;;;;
CAN;MLT;43839,745;;;;;;;;;;;;
CAN;NLD;2676895,901;;;;;;;;;;;;
CAN;NZL;533942,909;;;;;;;;;;;;
CAN;PHL;1110493,03;;;;;;;;;;;;
CAN;POL;1378671,478;;;;;;;;;;;;
CAN;PRT;484548,258;;;;;;;;;;;;
CAN;RUS;811247,569;;;;;;;;;;;;
CAN;SVK;301040,001;;;;;;;;;;;;
CAN;SVN;112397,922;;;;;;;;;;;;
CAN;SWE;1456736,517;;;;;;;;;;;;
CAN;TUR;1012169,799;;;;;;;;;;;;
CAN;UKR;52850,63;;;;;;;;;;;;
CAN;USA;216827762,1;;;;;;;;;;;;
CAN;ZAF;688411,576;;;;;;;;;;;;
CHE;ARG;1251277,756;;;;;;;;;;;;
CHE;AUS;492650,346;;;;;;;;;;;;
CHE;AUT;7694469,115;;;;;;;;;;;;
CHE;BEL;4641133,737;;;;;;;;;;;;
CHE;BGR;217730,321;;;;;;;;;;;;
CHE;BLR;21224,776;;;;;;;;;;;;
CHE;BRA;1468785,245;;;;;;;;;;;;
CHE;CAN;1018209,388;;;;;;;;;;;;
CHE;CHN;12577941,93;;;;;;;;;;;;
CHE;CYP;18119,657;;;;;;;;;;;;
CHE;CZE;2435891,546;;;;;;;;;;;;
CHE;DEU;51388697,95;;;;;;;;;;;;
CHE;DNK;768835,754;;;;;;;;;;;;
CHE;ESP;4403832,409;;;;;;;;;;;;
CHE;EST;42313,468;;;;;;;;;;;;
CHE;FIN;889619,143;;;;;;;;;;;;
CHE;FRA;15542960,21;;;;;;;;;;;;
CHE;GBR;31417550,72;;;;;;;;;;;;
CHE;GRC;146565,816;;;;;;;;;;;;
CHE;HRV;171498,407;;;;;;;;;;;;
CHE;HUN;1114387,16;;;;;;;;;;;;
CHE;IND;1504170,291;;;;;;;;;;;;
CHE;IRL;7274948,485;;;;;;;;;;;;
CHE;LTU;110109,886;;;;;;;;;;;;
CHE;LUX;213274,55;;;;;;;;;;;;
CHE;LVA;48264,143;;;;;;;;;;;;
CHE;MLT;14794,953;;;;;;;;;;;;
CHE;NLD;4901691,628;;;;;;;;;;;;
CHE;NZL;97889,857;;;;;;;;;;;;
CHE;PHL;389709,193;;;;;;;;;;;;
CHE;POL;1780804,298;;;;;;;;;;;;
CHE;PRT;856968,292;;;;;;;;;;;;
CHE;RUS;1595663,745;;;;;;;;;;;;
CHE;SVK;839457,062;;;;;;;;;;;;
CHE;SVN;412139,129;;;;;;;;;;;;
CHE;SWE;1649200,265;;;;;;;;;;;;
CHE;TUR;6049569,117;;;;;;;;;;;;
CHE;UKR;104261,668;;;;;;;;;;;;
CHE;USA;19096636,33;;;;;;;;;;;;
CHE;ZAF;2162821,955;;;;;;;;;;;;
CHN;ARG;5717476,184;;;;;;;;;;;;
CHN;AUS;73509970,81;;;;;;;;;;;;
CHN;AUT;4968031,497;;;;;;;;;;;;
CHN;BEL;7005805,217;;;;;;;;;;;;
CHN;BGR;748306,6;;;;;;;;;;;;
CHN;BLR;1010810,007;;;;;;;;;;;;
CHN;BRA;44089358,06;;;;;;;;;;;;
CHN;CAN;26213745,79;;;;;;;;;;;;
CHN;CHE;41199813,99;;;;;;;;;;;;
CHN;CHN;9617,217;;;;;;;;;;;;
CHN;CYP;49906,314;;;;;;;;;;;;
CHN;CZE;2780443,605;;;;;;;;;;;;
CHN;DEU;87615999,94;;;;;;;;;;;;
CHN;DNK;4095454,259;;;;;;;;;;;;
CHN;ESP;5587166,876;;;;;;;;;;;;
CHN;EST;234963,583;;;;;;;;;;;;
CHN;FIN;3484951,184;;;;;;;;;;;;
CHN;FRA;24631699,64;;;;;;;;;;;;
CHN;GBR;18932331,78;;;;;;;;;;;;
CHN;GRC;285500,609;;;;;;;;;;;;
CHN;HRV;111789,045;;;;;;;;;;;;
CHN;HUN;2875551,415;;;;;;;;;;;;
CHN;IND;13359480,02;;;;;;;;;;;;
CHN;IRL;4286452,633;;;;;;;;;;;;
CHN;LTU;138784,693;;;;;;;;;;;;
CHN;LUX;309069,581;;;;;;;;;;;;
CHN;LVA;144585,911;;;;;;;;;;;;
CHN;MLT;441091,762;;;;;;;;;;;;
CHN;NLD;8777760,827;;;;;;;;;;;;
CHN;NZL;6583762,512;;;;;;;;;;;;
CHN;PHL;18965654,3;;;;;;;;;;;;
CHN;POL;2741951,454;;;;;;;;;;;;
CHN;PRT;1461543,018;;;;;;;;;;;;
CHN;RUS;33133502,68;;;;;;;;;;;;
CHN;SVK;2237316,045;;;;;;;;;;;;
CHN;SVN;289506,573;;;;;;;;;;;;
CHN;SWE;6416704,854;;;;;;;;;;;;
CHN;TUR;2943637,695;;;;;;;;;;;;
CHN;UKR;3555798,287;;;;;;;;;;;;
CHN;USA;148650921,8;;;;;;;;;;;;
CHN;ZAF;30151410,45;;;;;;;;;;;;
CYP;ARG;39544,362;;;;;;;;;;;;
CYP;AUS;4220,963;;;;;;;;;;;;
CYP;AUT;41675,686;;;;;;;;;;;;
CYP;BEL;163583,121;;;;;;;;;;;;
CYP;BGR;98962,215;;;;;;;;;;;;
CYP;BLR;3178,449;;;;;;;;;;;;
CYP;BRA;10789,755;;;;;;;;;;;;
CYP;CAN;5758,495;;;;;;;;;;;;
CYP;CHE;40683,964;;;;;;;;;;;;
CYP;CHN;381205,12;;;;;;;;;;;;
CYP;CZE;23555,01;;;;;;;;;;;;
CYP;DEU;486015,67;;;;;;;;;;;;
CYP;DNK;49480,002;;;;;;;;;;;;
CYP;ESP;213397,961;;;;;;;;;;;;
CYP;EST;12974,557;;;;;;;;;;;;
CYP;FIN;14214,447;;;;;;;;;;;;
CYP;FRA;208964,505;;;;;;;;;;;;
CYP;GBR;599261,813;;;;;;;;;;;;
CYP;GRC;1445589,69;;;;;;;;;;;;
CYP;HRV;9690,727;;;;;;;;;;;;
CYP;HUN;18271,795;;;;;;;;;;;;
CYP;IND;71511,423;;;;;;;;;;;;
CYP;IRL;15754,71;;;;;;;;;;;;
CYP;LTU;4971,988;;;;;;;;;;;;
CYP;LUX;2715,033;;;;;;;;;;;;
CYP;LVA;4411,633;;;;;;;;;;;;
CYP;MLT;15510,188;;;;;;;;;;;;
CYP;NLD;362420,222;;;;;;;;;;;;
CYP;NZL;10779,086;;;;;;;;;;;;
CYP;PHL;62456,842;;;;;;;;;;;;
CYP;POL;33605,696;;;;;;;;;;;;
CYP;PRT;16405,234;;;;;;;;;;;;
CYP;RUS;133946,983;;;;;;;;;;;;
CYP;SVK;12313,477;;;;;;;;;;;;
CYP;SVN;9841,919;;;;;;;;;;;;
CYP;SWE;41619,514;;;;;;;;;;;;
CYP;TUR;17122,24;;;;;;;;;;;;
CYP;UKR;34193,054;;;;;;;;;;;;
CYP;USA;59861,876;;;;;;;;;;;;
CYP;ZAF;4122,572;;;;;;;;;;;;
CZE;ARG;97489,589;;;;;;;;;;;;
CZE;AUS;150576,538;;;;;;;;;;;;
CZE;AUT;4189914,841;;;;;;;;;;;;
CZE;BEL;2363188,271;;;;;;;;;;;;
CZE;BGR;337747,554;;;;;;;;;;;;
CZE;BLR;157248,449;;;;;;;;;;;;
CZE;BRA;269712,365;;;;;;;;;;;;
CZE;CAN;156314,227;;;;;;;;;;;;
CZE;CHE;1437779,144;;;;;;;;;;;;
CZE;CHN;18998264,27;;;;;;;;;;;;
CZE;CYP;43059,794;;;;;;;;;;;;
CZE;CZE;0;;;;;;;;;;;;
CZE;DEU;36563183,01;;;;;;;;;;;;
CZE;DNK;837909,283;;;;;;;;;;;;
CZE;ESP;2463503,565;;;;;;;;;;;;
CZE;EST;67456,833;;;;;;;;;;;;
CZE;FIN;437424,918;;;;;;;;;;;;
CZE;FRA;4287283,005;;;;;;;;;;;;
CZE;GBR;3018309,567;;;;;;;;;;;;
CZE;GRC;226698,71;;;;;;;;;;;;
CZE;HRV;135338,991;;;;;;;;;;;;
CZE;HUN;3334564,623;;;;;;;;;;;;
CZE;IND;669621,3;;;;;;;;;;;;
CZE;IRL;1204680,466;;;;;;;;;;;;
CZE;LTU;233246,566;;;;;;;;;;;;
CZE;LUX;270231,874;;;;;;;;;;;;
CZE;LVA;91784,092;;;;;;;;;;;;
CZE;MLT;43677,275;;;;;;;;;;;;
CZE;NLD;4192756,179;;;;;;;;;;;;
CZE;NZL;33435,121;;;;;;;;;;;;
CZE;PHL;252076,593;;;;;;;;;;;;
CZE;POL;11159643,84;;;;;;;;;;;;
CZE;PRT;421557,009;;;;;;;;;;;;
CZE;RUS;4194560,296;;;;;;;;;;;;
CZE;SVK;7227558,092;;;;;;;;;;;;
CZE;SVN;558682,255;;;;;;;;;;;;
CZE;SWE;1189792,067;;;;;;;;;;;;
CZE;TUR;1267899,072;;;;;;;;;;;;
CZE;UKR;798402,489;;;;;;;;;;;;
CZE;USA;3277159,311;;;;;;;;;;;;
CZE;ZAF;263239,998;;;;;;;;;;;;
DEU;ARG;1690426,606;;;;;;;;;;;;
DEU;AUS;1940279,093;;;;;;;;;;;;
DEU;AUT;37553221,64;;;;;;;;;;;;
DEU;BEL;37153792,47;;;;;;;;;;;;
DEU;BGR;3032921,175;;;;;;;;;;;;
DEU;BLR;749815,306;;;;;;;;;;;;
DEU;BRA;8867069,07;;;;;;;;;;;;
DEU;CAN;3969566,181;;;;;;;;;;;;
DEU;CHE;46508170,49;;;;;;;;;;;;
DEU;CHN;102328622,5;;;;;;;;;;;;
DEU;CYP;107102,499;;;;;;;;;;;;
DEU;CZE;40816318,72;;;;;;;;;;;;
DEU;DNK;11228367,79;;;;;;;;;;;;
DEU;ESP;27430440,13;;;;;;;;;;;;
DEU;EST;541537,341;;;;;;;;;;;;
DEU;FIN;9316260,96;;;;;;;;;;;;
DEU;FRA;69800626,45;;;;;;;;;;;;
DEU;GBR;37834737,15;;;;;;;;;;;;
DEU;GRC;1845038,758;;;;;;;;;;;;
DEU;HRV;1219751,36;;;;;;;;;;;;
DEU;HUN;25269582,83;;;;;;;;;;;;
DEU;IND;8480464,601;;;;;;;;;;;;
DEU;IRL;11310421,06;;;;;;;;;;;;
DEU;LTU;1699785,277;;;;;;;;;;;;
DEU;LUX;3214298,215;;;;;;;;;;;;
DEU;LVA;628853,675;;;;;;;;;;;;
DEU;MLT;318645,088;;;;;;;;;;;;
DEU;NLD;81872249,46;;;;;;;;;;;;
DEU;NZL;739480,605;;;;;;;;;;;;
DEU;PHL;3334218,511;;;;;;;;;;;;
DEU;POL;46177532,88;;;;;;;;;;;;
DEU;PRT;5712069,749;;;;;;;;;;;;
DEU;RUS;23297805,5;;;;;;;;;;;;
DEU;SVK;14320527,15;;;;;;;;;;;;
DEU;SVN;5266604,68;;;;;;;;;;;;
DEU;SWE;14369249,05;;;;;;;;;;;;
DEU;TUR;15986526,99;;;;;;;;;;;;
DEU;UKR;1863612,928;;;;;;;;;;;;
DEU;USA;66642942,08;;;;;;;;;;;;
DEU;ZAF;5910402,518;;;;;;;;;;;;
DNK;ARG;411726,966;;;;;;;;;;;;
DNK;AUS;121081,732;;;;;;;;;;;;
DNK;AUT;779426,813;;;;;;;;;;;;
DNK;BEL;2666842,598;;;;;;;;;;;;
DNK;BGR;119724,074;;;;;;;;;;;;
DNK;BLR;37102,665;;;;;;;;;;;;
DNK;BRA;198953,395;;;;;;;;;;;;
DNK;CAN;416682,868;;;;;;;;;;;;
DNK;CHE;626862,521;;;;;;;;;;;;
DNK;CHN;6342919,046;;;;;;;;;;;;
DNK;CYP;10020,908;;;;;;;;;;;;
DNK;CZE;1318986,486;;;;;;;;;;;;
DNK;DEU;17372169,51;;;;;;;;;;;;
DNK;ESP;1424056,7;;;;;;;;;;;;
DNK;EST;324716,07;;;;;;;;;;;;
DNK;FIN;1104823,274;;;;;;;;;;;;
DNK;FRA;2586408,109;;;;;;;;;;;;
DNK;GBR;3804777,282;;;;;;;;;;;;
DNK;GRC;128689,161;;;;;;;;;;;;
DNK;HRV;30474,533;;;;;;;;;;;;
DNK;HUN;626056,517;;;;;;;;;;;;
DNK;IND;658408,77;;;;;;;;;;;;
DNK;IRL;960391,356;;;;;;;;;;;;
DNK;LTU;566245,452;;;;;;;;;;;;
DNK;LUX;206703,374;;;;;;;;;;;;
DNK;LVA;477436,52;;;;;;;;;;;;
DNK;MLT;27888,05;;;;;;;;;;;;
DNK;NLD;6814433,187;;;;;;;;;;;;
DNK;NZL;96206,045;;;;;;;;;;;;
DNK;PHL;46961,091;;;;;;;;;;;;
DNK;POL;2814173,671;;;;;;;;;;;;
DNK;PRT;334554,883;;;;;;;;;;;;
DNK;RUS;1435052,847;;;;;;;;;;;;
DNK;SVK;388180,556;;;;;;;;;;;;
DNK;SVN;203687,914;;;;;;;;;;;;
DNK;SWE;10446615,61;;;;;;;;;;;;
DNK;TUR;914680,618;;;;;;;;;;;;
DNK;UKR;120315,38;;;;;;;;;;;;
DNK;USA;2113505,826;;;;;;;;;;;;
DNK;ZAF;64616,343;;;;;;;;;;;;
ESP;ARG;1530511,473;;;;;;;;;;;;
ESP;AUS;533049,279;;;;;;;;;;;;
ESP;AUT;2216606,943;;;;;;;;;;;;
ESP;BEL;7717692,949;;;;;;;;;;;;
ESP;BGR;563896,054;;;;;;;;;;;;
ESP;BLR;36142,436;;;;;;;;;;;;
ESP;BRA;3439692,276;;;;;;;;;;;;
ESP;CAN;1078726,359;;;;;;;;;;;;
ESP;CHE;3468681,436;;;;;;;;;;;;
ESP;CHN;26187996,23;;;;;;;;;;;;
ESP;CYP;19304,276;;;;;;;;;;;;
ESP;CZE;4110669,908;;;;;;;;;;;;
ESP;DEU;39955422,55;;;;;;;;;;;;
ESP;DNK;1791507,849;;;;;;;;;;;;
ESP;EST;133006,997;;;;;;;;;;;;
ESP;FIN;1171010,105;;;;;;;;;;;;
ESP;FRA;33319304,14;;;;;;;;;;;;
ESP;GBR;14057886,93;;;;;;;;;;;;
ESP;GRC;631276,541;;;;;;;;;;;;
ESP;HRV;109961,567;;;;;;;;;;;;
ESP;HUN;2907979,789;;;;;;;;;;;;
ESP;IND;3404687,479;;;;;;;;;;;;
ESP;IRL;3505748,563;;;;;;;;;;;;
ESP;LTU;351880,026;;;;;;;;;;;;
ESP;LUX;479587,111;;;;;;;;;;;;
ESP;LVA;98287,871;;;;;;;;;;;;
ESP;MLT;71948,44;;;;;;;;;;;;
ESP;NLD;12862183,09;;;;;;;;;;;;
ESP;NZL;152926,115;;;;;;;;;;;;
ESP;PHL;230514,192;;;;;;;;;;;;
ESP;POL;4943313,728;;;;;;;;;;;;
ESP;PRT;12062353,18;;;;;;;;;;;;
ESP;RUS;3719375,847;;;;;;;;;;;;
ESP;SVK;2020575,182;;;;;;;;;;;;
ESP;SVN;428502,659;;;;;;;;;;;;
ESP;SWE;2569928,366;;;;;;;;;;;;
ESP;TUR;5242153,661;;;;;;;;;;;;
ESP;UKR;1260060,396;;;;;;;;;;;;
ESP;USA;14040892,63;;;;;;;;;;;;
ESP;ZAF;1091981,059;;;;;;;;;;;;
EST;ARG;7594,121;;;;;;;;;;;;
EST;AUS;6083,245;;;;;;;;;;;;
EST;AUT;99989,977;;;;;;;;;;;;
EST;BEL;203949,78;;;;;;;;;;;;
EST;BGR;9088,763;;;;;;;;;;;;
EST;BLR;145799,173;;;;;;;;;;;;
EST;BRA;40998,083;;;;;;;;;;;;
EST;CAN;23447,399;;;;;;;;;;;;
EST;CHE;153570,337;;;;;;;;;;;;
EST;CHN;1262861,88;;;;;;;;;;;;
EST;CYP;3991,632;;;;;;;;;;;;
EST;CZE;168730,072;;;;;;;;;;;;
EST;DEU;1295554,842;;;;;;;;;;;;
EST;DNK;183121,387;;;;;;;;;;;;
EST;ESP;208859,133;;;;;;;;;;;;
EST;EST;103,244;;;;;;;;;;;;
EST;FIN;1350139,826;;;;;;;;;;;;
EST;FRA;312408,898;;;;;;;;;;;;
EST;GBR;425630,675;;;;;;;;;;;;
EST;GRC;14190,9;;;;;;;;;;;;
EST;HRV;2298,419;;;;;;;;;;;;
EST;HUN;237292,919;;;;;;;;;;;;
EST;IND;61318,878;;;;;;;;;;;;
EST;IRL;45191,942;;;;;;;;;;;;
EST;LTU;927090,059;;;;;;;;;;;;
EST;LUX;7476,043;;;;;;;;;;;;
EST;LVA;512985,42;;;;;;;;;;;;
EST;MLT;1104,431;;;;;;;;;;;;
EST;NLD;590086,162;;;;;;;;;;;;
EST;NZL;4961,502;;;;;;;;;;;;
EST;PHL;10147,903;;;;;;;;;;;;
EST;POL;767078,013;;;;;;;;;;;;
EST;PRT;18940,304;;;;;;;;;;;;
EST;RUS;1543881,049;;;;;;;;;;;;
EST;SVK;83696,57;;;;;;;;;;;;
EST;SVN;21519,371;;;;;;;;;;;;
EST;SWE;788700,064;;;;;;;;;;;;
EST;TUR;114275,957;;;;;;;;;;;;
EST;UKR;66322,28;;;;;;;;;;;;
EST;USA;320767,507;;;;;;;;;;;;
EST;ZAF;23781,7;;;;;;;;;;;;
FIN;ARG;42168,565;;;;;;;;;;;;
FIN;AUS;106964,803;;;;;;;;;;;;
FIN;AUT;471640,596;;;;;;;;;;;;
FIN;BEL;1217399,928;;;;;;;;;;;;
FIN;BGR;79730,068;;;;;;;;;;;;
FIN;BLR;16367,353;;;;;;;;;;;;
FIN;BRA;541316,31;;;;;;;;;;;;
FIN;CAN;560335,938;;;;;;;;;;;;
FIN;CHE;663606,248;;;;;;;;;;;;
FIN;CHN;4341544,769;;;;;;;;;;;;
FIN;CYP;8144,796;;;;;;;;;;;;
FIN;CZE;756636,191;;;;;;;;;;;;
FIN;DEU;8263324,753;;;;;;;;;;;;
FIN;DNK;1764774,5;;;;;;;;;;;;
FIN;ESP;1167030,894;;;;;;;;;;;;
FIN;EST;1489289,636;;;;;;;;;;;;
FIN;FRA;2106835,688;;;;;;;;;;;;
FIN;GBR;1672445,814;;;;;;;;;;;;
FIN;GRC;81754,277;;;;;;;;;;;;
FIN;HRV;15156,209;;;;;;;;;;;;
FIN;HUN;306239,122;;;;;;;;;;;;
FIN;IND;334422,477;;;;;;;;;;;;
FIN;IRL;492679,1;;;;;;;;;;;;
FIN;LTU;333080,689;;;;;;;;;;;;
FIN;LUX;59017,826;;;;;;;;;;;;
FIN;LVA;160194,668;;;;;;;;;;;;
FIN;MLT;2214,034;;;;;;;;;;;;
FIN;NLD;2877966,19;;;;;;;;;;;;
FIN;NZL;32353,41;;;;;;;;;;;;
FIN;PHL;100544,273;;;;;;;;;;;;
FIN;POL;1330875,486;;;;;;;;;;;;
FIN;PRT;273599,759;;;;;;;;;;;;
FIN;RUS;5741441,874;;;;;;;;;;;;
FIN;SVK;271409,955;;;;;;;;;;;;
FIN;SVN;67720,986;;;;;;;;;;;;
FIN;SWE;6223627,518;;;;;;;;;;;;
FIN;TUR;444492,636;;;;;;;;;;;;
FIN;UKR;51665,304;;;;;;;;;;;;
FIN;USA;2096619,309;;;;;;;;;;;;
FIN;ZAF;214278,773;;;;;;;;;;;;
FRA;ARG;486924,438;;;;;;;;;;;;
FRA;AUS;1026310,049;;;;;;;;;;;;
FRA;AUT;6064616,96;;;;;;;;;;;;
FRA;BEL;40811624,77;;;;;;;;;;;;
FRA;BGR;1128914,106;;;;;;;;;;;;
FRA;BLR;135754,165;;;;;;;;;;;;
FRA;BRA;3229989,69;;;;;;;;;;;;
FRA;CAN;3019365,258;;;;;;;;;;;;
FRA;CHE;15950492,41;;;;;;;;;;;;
FRA;CHN;51851452,57;;;;;;;;;;;;
FRA;CYP;55297,238;;;;;;;;;;;;
FRA;CZE;6835639,203;;;;;;;;;;;;
FRA;DEU;96135060,18;;;;;;;;;;;;
FRA;DNK;2657171,236;;;;;;;;;;;;
FRA;ESP;34960520,69;;;;;;;;;;;;
FRA;EST;310951,5;;;;;;;;;;;;
FRA;FIN;2165516,938;;;;;;;;;;;;
FRA;FRA;3449,05;;;;;;;;;;;;
FRA;GBR;21623373,96;;;;;;;;;;;;
FRA;GRC;709210,241;;;;;;;;;;;;
FRA;HRV;190615,485;;;;;;;;;;;;
FRA;HUN;4152593,226;;;;;;;;;;;;
FRA;IND;5948227,09;;;;;;;;;;;;
FRA;IRL;7017970,366;;;;;;;;;;;;
FRA;LTU;726799,072;;;;;;;;;;;;
FRA;LUX;1598622,876;;;;;;;;;;;;
FRA;LVA;237536,851;;;;;;;;;;;;
FRA;MLT;207369,776;;;;;;;;;;;;
FRA;NLD;23879558,6;;;;;;;;;;;;
FRA;NZL;439462,315;;;;;;;;;;;;
FRA;PHL;667874,949;;;;;;;;;;;;
FRA;POL;9904801,834;;;;;;;;;;;;
FRA;PRT;6030935,878;;;;;;;;;;;;
FRA;RUS;7004073,977;;;;;;;;;;;;
FRA;SVK;3871424,82;;;;;;;;;;;;
FRA;SVN;1245950,194;;;;;;;;;;;;
FRA;SWE;6155336,399;;;;;;;;;;;;
FRA;TUR;7404842,927;;;;;;;;;;;;
FRA;UKR;622222,892;;;;;;;;;;;;
FRA;USA;38712816,06;;;;;;;;;;;;
FRA;ZAF;927172,545;;;;;;;;;;;;
GBR;ARG;863623,553;;;;;;;;;;;;
GBR;AUS;2813685,597;;;;;;;;;;;;
GBR;AUT;4686199,176;;;;;;;;;;;;
GBR;BEL;31327952,7;;;;;;;;;;;;
GBR;BGR;562465,865;;;;;;;;;;;;
GBR;BLR;46765,314;;;;;;;;;;;;
GBR;BRA;3464772,002;;;;;;;;;;;;
GBR;CAN;10332231,93;;;;;;;;;;;;
GBR;CHE;10190984,52;;;;;;;;;;;;
GBR;CHN;62692338,58;;;;;;;;;;;;
GBR;CYP;239259,973;;;;;;;;;;;;
GBR;CZE;7438495,345;;;;;;;;;;;;
GBR;DEU;93951919,07;;;;;;;;;;;;
GBR;DNK;5279259,689;;;;;;;;;;;;
GBR;ESP;21359771,71;;;;;;;;;;;;
GBR;EST;286141,821;;;;;;;;;;;;
GBR;FIN;3110161,625;;;;;;;;;;;;
GBR;FRA;38330180;;;;;;;;;;;;
GBR;GBR;7427927,998;;;;;;;;;;;;
GBR;GRC;1075092,939;;;;;;;;;;;;
GBR;HRV;144502,762;;;;;;;;;;;;
GBR;HUN;3850367,193;;;;;;;;;;;;
GBR;IND;9247804,613;;;;;;;;;;;;
GBR;IRL;19049100,47;;;;;;;;;;;;
GBR;LTU;1187041,598;;;;;;;;;;;;
GBR;LUX;740777,957;;;;;;;;;;;;
GBR;LVA;737028,133;;;;;;;;;;;;
GBR;MLT;277465,381;;;;;;;;;;;;
GBR;NLD;47349528,89;;;;;;;;;;;;
GBR;NZL;1268136,811;;;;;;;;;;;;
GBR;PHL;621360,623;;;;;;;;;;;;
GBR;POL;12375139,43;;;;;;;;;;;;
GBR;PRT;3591456,323;;;;;;;;;;;;
GBR;RUS;6433526,122;;;;;;;;;;;;
GBR;SVK;3059100,027;;;;;;;;;;;;
GBR;SVN;496190,412;;;;;;;;;;;;
GBR;SWE;10415908,86;;;;;;;;;;;;
GBR;TUR;11059485,19;;;;;;;;;;;;
GBR;UKR;369868,016;;;;;;;;;;;;
GBR;USA;57235029,95;;;;;;;;;;;;
GBR;ZAF;5882836,172;;;;;;;;;;;;
GRC;ARG;137299,444;;;;;;;;;;;;
GRC;AUS;9777,886;;;;;;;;;;;;
GRC;AUT;445552,561;;;;;;;;;;;;
GRC;BEL;1555320,403;;;;;;;;;;;;
GRC;BGR;1536213,929;;;;;;;;;;;;
GRC;BLR;17275,349;;;;;;;;;;;;
GRC;BRA;116494,886;;;;;;;;;;;;
GRC;CAN;95236,927;;;;;;;;;;;;
GRC;CHE;477823,36;;;;;;;;;;;;
GRC;CHN;2831162,478;;;;;;;;;;;;
GRC;CYP;352627,858;;;;;;;;;;;;
GRC;CZE;310813,557;;;;;;;;;;;;
GRC;DEU;4936431,084;;;;;;;;;;;;
GRC;DNK;498577,193;;;;;;;;;;;;
GRC;ESP;1711546,198;;;;;;;;;;;;
GRC;EST;11596,288;;;;;;;;;;;;
GRC;FIN;114378,297;;;;;;;;;;;;
GRC;FRA;2099461,938;;;;;;;;;;;;
GRC;GBR;1322560,916;;;;;;;;;;;;
GRC;HRV;96752,792;;;;;;;;;;;;
GRC;HUN;400297,295;;;;;;;;;;;;
GRC;IND;316486,683;;;;;;;;;;;;
GRC;IRL;347585,98;;;;;;;;;;;;
GRC;LTU;26295,731;;;;;;;;;;;;
GRC;LUX;146374,045;;;;;;;;;;;;
GRC;LVA;17136,274;;;;;;;;;;;;
GRC;MLT;22729,535;;;;;;;;;;;;
GRC;NLD;2593173,052;;;;;;;;;;;;
GRC;NZL;26661,385;;;;;;;;;;;;
GRC;PHL;7037,462;;;;;;;;;;;;
GRC;POL;567256,1;;;;;;;;;;;;
GRC;PRT;124831,482;;;;;;;;;;;;
GRC;RUS;3780443,225;;;;;;;;;;;;
GRC;SVK;173368,599;;;;;;;;;;;;
GRC;SVN;193543,176;;;;;;;;;;;;
GRC;SWE;296154,891;;;;;;;;;;;;
GRC;TUR;1476435,777;;;;;;;;;;;;
GRC;UKR;185198,93;;;;;;;;;;;;
GRC;USA;652063,399;;;;;;;;;;;;
GRC;ZAF;47917,82;;;;;;;;;;;;
HRV;ARG;37718,155;;;;;;;;;;;;
HRV;AUS;1885,294;;;;;;;;;;;;
HRV;AUT;1881679,359;;;;;;;;;;;;
HRV;BEL;360654,205;;;;;;;;;;;;
HRV;BGR;106756,203;;;;;;;;;;;;
HRV;BLR;4848,354;;;;;;;;;;;;
HRV;BRA;43201,106;;;;;;;;;;;;
HRV;CAN;13042,711;;;;;;;;;;;;
HRV;CHE;185598,561;;;;;;;;;;;;
HRV;CHN;578348,673;;;;;;;;;;;;
HRV;CYP;9482,927;;;;;;;;;;;;
HRV;CZE;434035,05;;;;;;;;;;;;
HRV;DEU;3196302,929;;;;;;;;;;;;
HRV;DNK;145054,197;;;;;;;;;;;;
HRV;ESP;430042,116;;;;;;;;;;;;
HRV;EST;3249,195;;;;;;;;;;;;
HRV;FIN;31187,851;;;;;;;;;;;;
HRV;FRA;475740,793;;;;;;;;;;;;
HRV;GBR;231990,718;;;;;;;;;;;;
HRV;GRC;92004,073;;;;;;;;;;;;
HRV;HUN;1596199,007;;;;;;;;;;;;
HRV;IND;116311,682;;;;;;;;;;;;
HRV;IRL;54322,115;;;;;;;;;;;;
HRV;LTU;23959,078;;;;;;;;;;;;
HRV;LUX;11005,035;;;;;;;;;;;;
HRV;LVA;6320,001;;;;;;;;;;;;
HRV;MLT;2104,964;;;;;;;;;;;;
HRV;NLD;779305,074;;;;;;;;;;;;
HRV;NZL;2426,546;;;;;;;;;;;;
HRV;PHL;2194,442;;;;;;;;;;;;
HRV;POL;579441,647;;;;;;;;;;;;
HRV;PRT;17572,118;;;;;;;;;;;;
HRV;RUS;477747,845;;;;;;;;;;;;
HRV;SVK;387576,108;;;;;;;;;;;;
HRV;SVN;2194719,134;;;;;;;;;;;;
HRV;SWE;120620,509;;;;;;;;;;;;
HRV;TUR;244287,928;;;;;;;;;;;;
HRV;UKR;32266,614;;;;;;;;;;;;
HRV;USA;178159,868;;;;;;;;;;;;
HRV;ZAF;14507,218;;;;;;;;;;;;
HUN;ARG;13891,888;;;;;;;;;;;;
HUN;AUS;38177,276;;;;;;;;;;;;
HUN;AUT;5619781,268;;;;;;;;;;;;
HUN;BEL;2020079,748;;;;;;;;;;;;
HUN;BGR;348278,093;;;;;;;;;;;;
HUN;BLR;84650,408;;;;;;;;;;;;
HUN;BRA;201860,94;;;;;;;;;;;;
HUN;CAN;122187,234;;;;;;;;;;;;
HUN;CHE;656738,389;;;;;;;;;;;;
HUN;CHN;4731887,003;;;;;;;;;;;;
HUN;CYP;28630,79;;;;;;;;;;;;
HUN;CZE;4151695,382;;;;;;;;;;;;
HUN;DEU;22599553,43;;;;;;;;;;;;
HUN;DNK;563122,537;;;;;;;;;;;;
HUN;ESP;1362508,808;;;;;;;;;;;;
HUN;EST;48341,523;;;;;;;;;;;;
HUN;FIN;259992,676;;;;;;;;;;;;
HUN;FRA;3819347,483;;;;;;;;;;;;
HUN;GBR;1558503,023;;;;;;;;;;;;
HUN;GRC;80800,866;;;;;;;;;;;;
HUN;HRV;440655,222;;;;;;;;;;;;
HUN;IND;364826,655;;;;;;;;;;;;
HUN;IRL;435443,262;;;;;;;;;;;;
HUN;LTU;103990,872;;;;;;;;;;;;
HUN;LUX;87608,539;;;;;;;;;;;;
HUN;LVA;35552,721;;;;;;;;;;;;
HUN;MLT;8491,054;;;;;;;;;;;;
HUN;NLD;3928525,224;;;;;;;;;;;;
HUN;NZL;4310,805;;;;;;;;;;;;
HUN;PHL;189063,218;;;;;;;;;;;;
HUN;POL;4752321,397;;;;;;;;;;;;
HUN;PRT;198592,474;;;;;;;;;;;;
HUN;RUS;3641470,935;;;;;;;;;;;;
HUN;SVK;4365574,626;;;;;;;;;;;;
HUN;SVN;1155957,105;;;;;;;;;;;;
HUN;SWE;823528,753;;;;;;;;;;;;
HUN;TUR;765382,364;;;;;;;;;;;;
HUN;UKR;1059297,464;;;;;;;;;;;;
HUN;USA;1854491,056;;;;;;;;;;;;
HUN;ZAF;27825,966;;;;;;;;;;;;
IDN;ARG;1298349,716;;;;;;;;;;;;
IDN;AUS;4815772,526;;;;;;;;;;;;
IDN;AUT;316176,425;;;;;;;;;;;;
IDN;BEL;559364,252;;;;;;;;;;;;
IDN;BGR;54518,078;;;;;;;;;;;;
IDN;BLR;210918,949;;;;;;;;;;;;
IDN;BRA;2423044,795;;;;;;;;;;;;
IDN;CAN;1609251,588;;;;;;;;;;;;
IDN;CHE;634368,762;;;;;;;;;;;;
IDN;CHN;29409660,17;;;;;;;;;;;;
IDN;CYP;3048,995;;;;;;;;;;;;
IDN;CZE;145392,559;;;;;;;;;;;;
IDN;DEU;3471616,881;;;;;;;;;;;;
IDN;DNK;201302,936;;;;;;;;;;;;
IDN;ESP;472547,243;;;;;;;;;;;;
IDN;EST;3549,324;;;;;;;;;;;;
IDN;FIN;534092,089;;;;;;;;;;;;
IDN;FRA;1337703,194;;;;;;;;;;;;
IDN;GBR;818897,4;;;;;;;;;;;;
IDN;GRC;76426,369;;;;;;;;;;;;
IDN;HRV;17780,791;;;;;;;;;;;;
IDN;HUN;62246,591;;;;;;;;;;;;
IDN;IND;2741418,281;;;;;;;;;;;;
IDN;IRL;103340,627;;;;;;;;;;;;
IDN;LTU;9564,318;;;;;;;;;;;;
IDN;LUX;15852,539;;;;;;;;;;;;
IDN;LVA;4896,995;;;;;;;;;;;;
IDN;MLT;979,535;;;;;;;;;;;;
IDN;NLD;785208,647;;;;;;;;;;;;
IDN;NZL;637009,821;;;;;;;;;;;;
IDN;PHL;683083,232;;;;;;;;;;;;
IDN;POL;150373,922;;;;;;;;;;;;
IDN;PRT;44349,101;;;;;;;;;;;;
IDN;RUS;992640,44;;;;;;;;;;;;
IDN;SVK;14780,709;;;;;;;;;;;;
IDN;SVN;12790,545;;;;;;;;;;;;
IDN;SWE;691165,985;;;;;;;;;;;;
IDN;TUR;249821,102;;;;;;;;;;;;
IDN;UKR;198448,442;;;;;;;;;;;;
IDN;USA;7616734,391;;;;;;;;;;;;
IDN;ZAF;231940,029;;;;;;;;;;;;
IND;ARG;2224272,01;;;;;;;;;;;;
IND;AUS;9398011,004;;;;;;;;;;;;
IND;AUT;765081,52;;;;;;;;;;;;
IND;BEL;8290588,14;;;;;;;;;;;;
IND;BGR;88548,75;;;;;;;;;;;;
IND;BLR;162149,053;;;;;;;;;;;;
IND;BRA;4106743,422;;;;;;;;;;;;
IND;CAN;3820790,967;;;;;;;;;;;;
IND;CHE;21077236,67;;;;;;;;;;;;
IND;CHN;60570037,78;;;;;;;;;;;;
IND;CYP;50087,333;;;;;;;;;;;;
IND;CZE;511439,43;;;;;;;;;;;;
IND;DEU;11338229,4;;;;;;;;;;;;
IND;DNK;404786,015;;;;;;;;;;;;
IND;ESP;1906543,153;;;;;;;;;;;;
IND;EST;157436,299;;;;;;;;;;;;
IND;FIN;957906,646;;;;;;;;;;;;
IND;FRA;3127482,751;;;;;;;;;;;;
IND;GBR;5326688,321;;;;;;;;;;;;
IND;GRC;113887,467;;;;;;;;;;;;
IND;HRV;26423,756;;;;;;;;;;;;
IND;HUN;250067,46;;;;;;;;;;;;
IND;IRL;552423,633;;;;;;;;;;;;
IND;LTU;186702,249;;;;;;;;;;;;
IND;LUX;175691,074;;;;;;;;;;;;
IND;LVA;62086,527;;;;;;;;;;;;
IND;MLT;25543,494;;;;;;;;;;;;
IND;NLD;1910351,465;;;;;;;;;;;;
IND;NZL;544402,808;;;;;;;;;;;;
IND;PHL;511643,995;;;;;;;;;;;;
IND;POL;468694,373;;;;;;;;;;;;
IND;PRT;98369,609;;;;;;;;;;;;
IND;RUS;4514343,879;;;;;;;;;;;;
IND;SVK;65491,35;;;;;;;;;;;;
IND;SVN;90817,209;;;;;;;;;;;;
IND;SWE;1471767,497;;;;;;;;;;;;
IND;TUR;963206,804;;;;;;;;;;;;
IND;UKR;1791846,534;;;;;;;;;;;;
IND;USA;20187458,27;;;;;;;;;;;;
IND;ZAF;6275542,392;;;;;;;;;;;;
IRL;ARG;227160,539;;;;;;;;;;;;
IRL;AUS;110962,93;;;;;;;;;;;;
IRL;AUT;280373,112;;;;;;;;;;;;
IRL;BEL;1391887,447;;;;;;;;;;;;
IRL;BGR;76144,433;;;;;;;;;;;;
IRL;BLR;27009,045;;;;;;;;;;;;
IRL;BRA;525366,417;;;;;;;;;;;;
IRL;CAN;523606,18;;;;;;;;;;;;
IRL;CHE;1498676,192;;;;;;;;;;;;
IRL;CHN;4712848,269;;;;;;;;;;;;
IRL;CYP;3282,835;;;;;;;;;;;;
IRL;CZE;563543,357;;;;;;;;;;;;
IRL;DEU;6378599,393;;;;;;;;;;;;
IRL;DNK;485324,399;;;;;;;;;;;;
IRL;ESP;1027571,581;;;;;;;;;;;;
IRL;EST;44716,854;;;;;;;;;;;;
IRL;FIN;184567,367;;;;;;;;;;;;
IRL;FRA;9574978,733;;;;;;;;;;;;
IRL;GBR;17858916,26;;;;;;;;;;;;
IRL;GRC;50365,333;;;;;;;;;;;;
IRL;HRV;11457,349;;;;;;;;;;;;
IRL;HUN;120655,588;;;;;;;;;;;;
IRL;IND;555017,584;;;;;;;;;;;;
IRL;IRL;0;;;;;;;;;;;;
IRL;LTU;91636,96;;;;;;;;;;;;
IRL;LUX;43331,608;;;;;;;;;;;;
IRL;LVA;38574,345;;;;;;;;;;;;
IRL;MLT;15481,719;;;;;;;;;;;;
IRL;NLD;2868351,705;;;;;;;;;;;;
IRL;NZL;61152,593;;;;;;;;;;;;
IRL;PHL;123623,02;;;;;;;;;;;;
IRL;POL;564167,332;;;;;;;;;;;;
IRL;PRT;216109,469;;;;;;;;;;;;
IRL;RUS;177098,252;;;;;;;;;;;;
IRL;SVK;75004,155;;;;;;;;;;;;
IRL;SVN;23655,695;;;;;;;;;;;;
IRL;SWE;531137,655;;;;;;;;;;;;
IRL;TUR;547778,731;;;;;;;;;;;;
IRL;UKR;63451,334;;;;;;;;;;;;
IRL;USA;12068423,11;;;;;;;;;;;;
IRL;ZAF;104022,81;;;;;;;;;;;;
ITA;ARG;945534,794;;;;;;;;;;;;
ITA;AUS;557705,691;;;;;;;;;;;;
ITA;AUT;9069564,151;;;;;;;;;;;;
ITA;BEL;18551896,26;;;;;;;;;;;;
ITA;BGR;2173862,818;;;;;;;;;;;;
ITA;BLR;125109,098;;;;;;;;;;;;
ITA;BRA;3542015,636;;;;;;;;;;;;
ITA;CAN;1610123,726;;;;;;;;;;;;
ITA;CHE;11896111,15;;;;;;;;;;;;
ITA;CHN;31218709,22;;;;;;;;;;;;
ITA;CYP;83982,98;;;;;;;;;;;;
ITA;CZE;6016499,347;;;;;;;;;;;;
ITA;DEU;62614140,45;;;;;;;;;;;;
ITA;DNK;2345377,053;;;;;;;;;;;;
ITA;ESP;19982217,74;;;;;;;;;;;;
ITA;EST;143487,937;;;;;;;;;;;;
ITA;FIN;1466414,756;;;;;;;;;;;;
ITA;FRA;34954273,47;;;;;;;;;;;;
ITA;GBR;11800406,04;;;;;;;;;;;;
ITA;GRC;2778196,001;;;;;;;;;;;;
ITA;HRV;1433882,759;;;;;;;;;;;;
ITA;HUN;4648833,032;;;;;;;;;;;;
ITA;IND;4424141,907;;;;;;;;;;;;
ITA;IRL;4520138,482;;;;;;;;;;;;
ITA;LTU;496932,162;;;;;;;;;;;;
ITA;LUX;1012603,42;;;;;;;;;;;;
ITA;LVA;113129,865;;;;;;;;;;;;
ITA;MLT;302620,124;;;;;;;;;;;;
ITA;NLD;22440114;;;;;;;;;;;;
ITA;NZL;291895,867;;;;;;;;;;;;
ITA;PHL;259581,619;;;;;;;;;;;;
ITA;POL;9280642,067;;;;;;;;;;;;
ITA;PRT;1601961,308;;;;;;;;;;;;
ITA;RUS;15972816,55;;;;;;;;;;;;
ITA;SVK;3299048,381;;;;;;;;;;;;
ITA;SVN;2715329,85;;;;;;;;;;;;
ITA;SWE;3839199,399;;;;;;;;;;;;
ITA;TUR;7367086,731;;;;;;;;;;;;
ITA;UKR;2286390,955;;;;;;;;;;;;
ITA;USA;15586590,97;;;;;;;;;;;;
ITA;ZAF;1945062,001;;;;;;;;;;;;
KOR;ARG;698864,638;;;;;;;;;;;;
KOR;AUS;16436975,69;;;;;;;;;;;;
KOR;AUT;1175430,424;;;;;;;;;;;;
KOR;BEL;1431279,649;;;;;;;;;;;;
KOR;BGR;101716,108;;;;;;;;;;;;
KOR;BLR;46940,056;;;;;;;;;;;;
KOR;BRA;4057963,195;;;;;;;;;;;;
KOR;CAN;3981373,979;;;;;;;;;;;;
KOR;CHE;2465493,674;;;;;;;;;;;;
KOR;CHN;90248764,26;;;;;;;;;;;;
KOR;CYP;76527,461;;;;;;;;;;;;
KOR;CZE;577188,008;;;;;;;;;;;;
KOR;DEU;20955917,73;;;;;;;;;;;;
KOR;DNK;997352,272;;;;;;;;;;;;
KOR;ESP;2335059,712;;;;;;;;;;;;
KOR;EST;111661,973;;;;;;;;;;;;
KOR;FIN;1083191,46;;;;;;;;;;;;
KOR;FRA;6162031,869;;;;;;;;;;;;
KOR;GBR;6126715,475;;;;;;;;;;;;
KOR;GRC;247299,399;;;;;;;;;;;;
KOR;HRV;9987,08;;;;;;;;;;;;
KOR;HUN;735388,139;;;;;;;;;;;;
KOR;IND;4240562,086;;;;;;;;;;;;
KOR;IRL;1006446,488;;;;;;;;;;;;
KOR;LTU;72711,805;;;;;;;;;;;;
KOR;LUX;50057,075;;;;;;;;;;;;
KOR;LVA;59623,714;;;;;;;;;;;;
KOR;MLT;262124,896;;;;;;;;;;;;
KOR;NLD;4349285,466;;;;;;;;;;;;
KOR;NZL;1224914,512;;;;;;;;;;;;
KOR;PHL;3251633,772;;;;;;;;;;;;
KOR;POL;696267,38;;;;;;;;;;;;
KOR;PRT;203240,437;;;;;;;;;;;;
KOR;RUS;11308286,31;;;;;;;;;;;;
KOR;SVK;231091,507;;;;;;;;;;;;
KOR;SVN;112548,963;;;;;;;;;;;;
KOR;SWE;1591656,631;;;;;;;;;;;;
KOR;TUR;789554,867;;;;;;;;;;;;
KOR;UKR;661360,803;;;;;;;;;;;;
KOR;USA;44208106,18;;;;;;;;;;;;
KOR;ZAF;1415941,447;;;;;;;;;;;;
LTU;ARG;36593,98;;;;;;;;;;;;
LTU;AUS;4737,261;;;;;;;;;;;;
LTU;AUT;358663,323;;;;;;;;;;;;
LTU;BEL;816623,073;;;;;;;;;;;;
LTU;BGR;51530,676;;;;;;;;;;;;
LTU;BLR;975723,778;;;;;;;;;;;;
LTU;BRA;27464,164;;;;;;;;;;;;
LTU;CAN;17929,08;;;;;;;;;;;;
LTU;CHE;87139,216;;;;;;;;;;;;
LTU;CHN;806002,675;;;;;;;;;;;;
LTU;CYP;69500,805;;;;;;;;;;;;
LTU;CZE;435949,065;;;;;;;;;;;;
LTU;DEU;3034204,284;;;;;;;;;;;;
LTU;DNK;479228,379;;;;;;;;;;;;
LTU;ESP;531778,138;;;;;;;;;;;;
LTU;EST;791596,02;;;;;;;;;;;;
LTU;FIN;612682,01;;;;;;;;;;;;
LTU;FRA;775465,846;;;;;;;;;;;;
LTU;GBR;794466,341;;;;;;;;;;;;
LTU;GRC;50287,411;;;;;;;;;;;;
LTU;HRV;10653,453;;;;;;;;;;;;
LTU;HUN;216133,161;;;;;;;;;;;;
LTU;IND;57394,285;;;;;;;;;;;;
LTU;IRL;90268,352;;;;;;;;;;;;
LTU;LUX;16910,671;;;;;;;;;;;;
LTU;LVA;2215650,451;;;;;;;;;;;;
LTU;MLT;3637,41;;;;;;;;;;;;
LTU;NLD;1395831,725;;;;;;;;;;;;
LTU;NZL;13462,298;;;;;;;;;;;;
LTU;PHL;2049,738;;;;;;;;;;;;
LTU;POL;2675376,963;;;;;;;;;;;;
LTU;PRT;47109,955;;;;;;;;;;;;
LTU;RUS;4596861,058;;;;;;;;;;;;
LTU;SVK;162235,009;;;;;;;;;;;;
LTU;SVN;83477,165;;;;;;;;;;;;
LTU;SWE;1053305,078;;;;;;;;;;;;
LTU;TUR;154636,666;;;;;;;;;;;;
LTU;UKR;221055,328;;;;;;;;;;;;
LTU;USA;397921,552;;;;;;;;;;;;
LTU;ZAF;76894,705;;;;;;;;;;;;
LUX;ARG;15634,601;;;;;;;;;;;;
LUX;AUS;10568,004;;;;;;;;;;;;
LUX;AUT;117056,347;;;;;;;;;;;;
LUX;BEL;4365253,569;;;;;;;;;;;;
LUX;BGR;3888,714;;;;;;;;;;;;
LUX;BLR;2468,862;;;;;;;;;;;;
LUX;BRA;13862,143;;;;;;;;;;;;
LUX;CAN;125325,356;;;;;;;;;;;;
LUX;CHE;214439,852;;;;;;;;;;;;
LUX;CHN;432824,447;;;;;;;;;;;;
LUX;CYP;3919,828;;;;;;;;;;;;
LUX;CZE;140007,43;;;;;;;;;;;;
LUX;DEU;4620322,173;;;;;;;;;;;;
LUX;DNK;53393,306;;;;;;;;;;;;
LUX;ESP;242628,608;;;;;;;;;;;;
LUX;EST;2489,572;;;;;;;;;;;;
LUX;FIN;32621,062;;;;;;;;;;;;
LUX;FRA;2290460,268;;;;;;;;;;;;
LUX;GBR;308454,898;;;;;;;;;;;;
LUX;GRC;14799,183;;;;;;;;;;;;
LUX;HRV;4623,059;;;;;;;;;;;;
LUX;HUN;92984,302;;;;;;;;;;;;
LUX;IND;43432,129;;;;;;;;;;;;
LUX;IRL;80219,202;;;;;;;;;;;;
LUX;LTU;7520,758;;;;;;;;;;;;
LUX;LUX;22,467;;;;;;;;;;;;
LUX;LVA;3997,199;;;;;;;;;;;;
LUX;MLT;1975,157;;;;;;;;;;;;
LUX;NLD;680390,472;;;;;;;;;;;;
LUX;NZL;2774,217;;;;;;;;;;;;
LUX;PHL;7400,834;;;;;;;;;;;;
LUX;POL;238552,713;;;;;;;;;;;;
LUX;PRT;78256,12;;;;;;;;;;;;
LUX;RUS;28289,589;;;;;;;;;;;;
LUX;SVK;43051,972;;;;;;;;;;;;
LUX;SVN;19980,881;;;;;;;;;;;;
LUX;SWE;111431,753;;;;;;;;;;;;
LUX;TUR;55964,08;;;;;;;;;;;;
LUX;UKR;31279,696;;;;;;;;;;;;
LUX;USA;1762335,796;;;;;;;;;;;;
LUX;ZAF;18522,034;;;;;;;;;;;;
LVA;ARG;8485,722;;;;;;;;;;;;
LVA;AUS;1056,643;;;;;;;;;;;;
LVA;AUT;157641,199;;;;;;;;;;;;
LVA;BEL;213497,771;;;;;;;;;;;;
LVA;BGR;23886,144;;;;;;;;;;;;
LVA;BLR;332462,628;;;;;;;;;;;;
LVA;BRA;4133,984;;;;;;;;;;;;
LVA;CAN;19188,559;;;;;;;;;;;;
LVA;CHE;117130,946;;;;;;;;;;;;
LVA;CHN;460768,273;;;;;;;;;;;;
LVA;CYP;12746,736;;;;;;;;;;;;
LVA;CZE;208624,643;;;;;;;;;;;;
LVA;DEU;1428568,61;;;;;;;;;;;;
LVA;DNK;280773,297;;;;;;;;;;;;
LVA;ESP;164830,382;;;;;;;;;;;;
LVA;EST;1116440,063;;;;;;;;;;;;
LVA;FIN;701273,634;;;;;;;;;;;;
LVA;FRA;258083,971;;;;;;;;;;;;
LVA;GBR;232355,287;;;;;;;;;;;;
LVA;GRC;11009,926;;;;;;;;;;;;
LVA;HRV;9696,106;;;;;;;;;;;;
LVA;HUN;130880,832;;;;;;;;;;;;
LVA;IND;35879,764;;;;;;;;;;;;
LVA;IRL;154677,088;;;;;;;;;;;;
LVA;LTU;2244817,877;;;;;;;;;;;;
LVA;LUX;14105,759;;;;;;;;;;;;
LVA;MLT;1035,377;;;;;;;;;;;;
LVA;NLD;481204,509;;;;;;;;;;;;
LVA;NZL;3570,178;;;;;;;;;;;;
LVA;PHL;983,445;;;;;;;;;;;;
LVA;POL;1418088,591;;;;;;;;;;;;
LVA;PRT;25720,784;;;;;;;;;;;;
LVA;RUS;1255325,427;;;;;;;;;;;;
LVA;SVK;142531,812;;;;;;;;;;;;
LVA;SVN;31603,874;;;;;;;;;;;;
LVA;SWE;428156,101;;;;;;;;;;;;
LVA;TUR;85590,775;;;;;;;;;;;;
LVA;UKR;106439,815;;;;;;;;;;;;
LVA;USA;97206,52;;;;;;;;;;;;
LVA;ZAF;1415,329;;;;;;;;;;;;
MEX;ARG;843089,479;;;;;;;;;;;;
MEX;AUS;223266,231;;;;;;;;;;;;
MEX;AUT;853152,273;;;;;;;;;;;;
MEX;BEL;624178,12;;;;;;;;;;;;
MEX;BGR;43059,87;;;;;;;;;;;;
MEX;BLR;619,105;;;;;;;;;;;;
MEX;BRA;3568444,133;;;;;;;;;;;;
MEX;CAN;9014841,221;;;;;;;;;;;;
MEX;CHE;1504156,026;;;;;;;;;;;;
MEX;CHN;66888193,97;;;;;;;;;;;;
MEX;CYP;38,113;;;;;;;;;;;;
MEX;CZE;827755,477;;;;;;;;;;;;
MEX;DEU;13366177,75;;;;;;;;;;;;
MEX;DNK;314330,954;;;;;;;;;;;;
MEX;ESP;3876845,645;;;;;;;;;;;;
MEX;EST;111033,26;;;;;;;;;;;;
MEX;FIN;299585,554;;;;;;;;;;;;
MEX;FRA;3034162,898;;;;;;;;;;;;
MEX;GBR;1950686,051;;;;;;;;;;;;
MEX;GRC;115124,78;;;;;;;;;;;;
MEX;HRV;6026,809;;;;;;;;;;;;
MEX;HUN;732185,581;;;;;;;;;;;;
MEX;IND;3648169,374;;;;;;;;;;;;
MEX;IRL;295155,889;;;;;;;;;;;;
MEX;LTU;6400,575;;;;;;;;;;;;
MEX;LUX;29918,06;;;;;;;;;;;;
MEX;LVA;8657,448;;;;;;;;;;;;
MEX;MLT;69903,21;;;;;;;;;;;;
MEX;NLD;2766320,996;;;;;;;;;;;;
MEX;NZL;182448,276;;;;;;;;;;;;
MEX;PHL;1872594,724;;;;;;;;;;;;
MEX;POL;725918,185;;;;;;;;;;;;
MEX;PRT;318282,432;;;;;;;;;;;;
MEX;RUS;696274,034;;;;;;;;;;;;
MEX;SVK;114729,175;;;;;;;;;;;;
MEX;SVN;83408,925;;;;;;;;;;;;
MEX;SWE;765347,81;;;;;;;;;;;;
MEX;TUR;495596,322;;;;;;;;;;;;
MEX;UKR;116826,794;;;;;;;;;;;;
MEX;USA;180859963,9;;;;;;;;;;;;
MEX;ZAF;84035,124;;;;;;;;;;;;
MLT;ARG;5319,371;;;;;;;;;;;;
MLT;AUS;35582,673;;;;;;;;;;;;
MLT;AUT;22386,732;;;;;;;;;;;;
MLT;BEL;152480,265;;;;;;;;;;;;
MLT;BGR;32462,21;;;;;;;;;;;;
MLT;BLR;15,069;;;;;;;;;;;;
MLT;BRA;15502,205;;;;;;;;;;;;
MLT;CAN;355665,671;;;;;;;;;;;;
MLT;CHE;58538,813;;;;;;;;;;;;
MLT;CHN;240861,848;;;;;;;;;;;;
MLT;CYP;9018,602;;;;;;;;;;;;
MLT;CZE;15258,417;;;;;;;;;;;;
MLT;DEU;408931,865;;;;;;;;;;;;
MLT;DNK;31694,425;;;;;;;;;;;;
MLT;ESP;255334,384;;;;;;;;;;;;
MLT;EST;1458,514;;;;;;;;;;;;
MLT;FIN;2528,257;;;;;;;;;;;;
MLT;FRA;259978,835;;;;;;;;;;;;
MLT;GBR;464835,054;;;;;;;;;;;;
MLT;GRC;88542,733;;;;;;;;;;;;
MLT;HRV;67188,317;;;;;;;;;;;;
MLT;HUN;11407,569;;;;;;;;;;;;
MLT;IND;119892,183;;;;;;;;;;;;
MLT;IRL;29617,114;;;;;;;;;;;;
MLT;LTU;2908,055;;;;;;;;;;;;
MLT;LUX;626,308;;;;;;;;;;;;
MLT;LVA;3136,774;;;;;;;;;;;;
MLT;NLD;486310,098;;;;;;;;;;;;
MLT;NZL;3889,835;;;;;;;;;;;;
MLT;PHL;14122,893;;;;;;;;;;;;
MLT;POL;37733,169;;;;;;;;;;;;
MLT;PRT;10493,727;;;;;;;;;;;;
MLT;RUS;239529,708;;;;;;;;;;;;
MLT;SVK;1469,526;;;;;;;;;;;;
MLT;SVN;12561,994;;;;;;;;;;;;
MLT;SWE;104044,891;;;;;;;;;;;;
MLT;TUR;361761,318;;;;;;;;;;;;
MLT;UKR;11472,234;;;;;;;;;;;;
MLT;USA;326337,374;;;;;;;;;;;;
MLT;ZAF;16655,742;;;;;;;;;;;;
NLD;ARG;1262585,072;;;;;;;;;;;;
NLD;AUS;1058156,055;;;;;;;;;;;;
NLD;AUT;2394224,192;;;;;;;;;;;;
NLD;BEL;41825995,14;;;;;;;;;;;;
NLD;BGR;618315,351;;;;;;;;;;;;
NLD;BLR;133555,023;;;;;;;;;;;;
NLD;BRA;4640725,532;;;;;;;;;;;;
NLD;CAN;1594372,525;;;;;;;;;;;;
NLD;CHE;2459451,679;;;;;;;;;;;;
NLD;CHN;35671376,01;;;;;;;;;;;;
NLD;CYP;63528,5;;;;;;;;;;;;
NLD;CZE;5693401,036;;;;;;;;;;;;
NLD;DEU;70835419,12;;;;;;;;;;;;
NLD;DNK;3979176,11;;;;;;;;;;;;
NLD;ESP;7379890,346;;;;;;;;;;;;
NLD;EST;303309,866;;;;;;;;;;;;
NLD;FIN;3968301,721;;;;;;;;;;;;
NLD;FRA;18002827,88;;;;;;;;;;;;
NLD;GBR;20595597,14;;;;;;;;;;;;
NLD;GRC;491511,56;;;;;;;;;;;;
NLD;HRV;188165,462;;;;;;;;;;;;
NLD;HUN;2259171,729;;;;;;;;;;;;
NLD;IND;3222866,903;;;;;;;;;;;;
NLD;IRL;5525527,052;;;;;;;;;;;;
NLD;LTU;1069316,305;;;;;;;;;;;;
NLD;LUX;866106,979;;;;;;;;;;;;
NLD;LVA;406422,351;;;;;;;;;;;;
NLD;MLT;50896,476;;;;;;;;;;;;
NLD;NZL;385310,397;;;;;;;;;;;;
NLD;PHL;1194970,566;;;;;;;;;;;;
NLD;POL;7926765,989;;;;;;;;;;;;
NLD;PRT;2066065,798;;;;;;;;;;;;
NLD;RUS;11833377,86;;;;;;;;;;;;
NLD;SVK;1331965,018;;;;;;;;;;;;
NLD;SVN;431562,748;;;;;;;;;;;;
NLD;SWE;6943890,082;;;;;;;;;;;;
NLD;TUR;2740512,492;;;;;;;;;;;;
NLD;UKR;800454,404;;;;;;;;;;;;
NLD;USA;31798156,56;;;;;;;;;;;;
NLD;ZAF;1248211,046;;;;;;;;;;;;
NOR;ARG;31176,093;;;;;;;;;;;;
NOR;AUS;99815,686;;;;;;;;;;;;
NOR;AUT;531334,402;;;;;;;;;;;;
NOR;BEL;1265187,404;;;;;;;;;;;;
NOR;BGR;71919,328;;;;;;;;;;;;
NOR;BLR;30843,579;;;;;;;;;;;;
NOR;BRA;1266492,94;;;;;;;;;;;;
NOR;CAN;1556687,428;;;;;;;;;;;;
NOR;CHE;886550,053;;;;;;;;;;;;
NOR;CHN;8043744,98;;;;;;;;;;;;
NOR;CYP;4832,622;;;;;;;;;;;;
NOR;CZE;799702,427;;;;;;;;;;;;
NOR;DEU;8490444,013;;;;;;;;;;;;
NOR;DNK;4318319,027;;;;;;;;;;;;
NOR;ESP;1373704,747;;;;;;;;;;;;
NOR;EST;575928,767;;;;;;;;;;;;
NOR;FIN;1632677,758;;;;;;;;;;;;
NOR;FRA;2504813,571;;;;;;;;;;;;
NOR;GBR;4861623,413;;;;;;;;;;;;
NOR;GRC;66521,362;;;;;;;;;;;;
NOR;HRV;66363,778;;;;;;;;;;;;
NOR;HUN;311636,082;;;;;;;;;;;;
NOR;IND;402030,436;;;;;;;;;;;;
NOR;IRL;561680,069;;;;;;;;;;;;
NOR;LTU;756537,523;;;;;;;;;;;;
NOR;LUX;78779,049;;;;;;;;;;;;
NOR;LVA;352609,829;;;;;;;;;;;;
NOR;MLT;30432,986;;;;;;;;;;;;
NOR;NLD;2716203,101;;;;;;;;;;;;
NOR;NZL;49221,811;;;;;;;;;;;;
NOR;PHL;62378,336;;;;;;;;;;;;
NOR;POL;2311657,152;;;;;;;;;;;;
NOR;PRT;295184,339;;;;;;;;;;;;
NOR;RUS;1275249,347;;;;;;;;;;;;
NOR;SVK;349080,633;;;;;;;;;;;;
NOR;SVN;126424,048;;;;;;;;;;;;
NOR;SWE;8669908,184;;;;;;;;;;;;
NOR;TUR;716547,571;;;;;;;;;;;;
NOR;UKR;38140,679;;;;;;;;;;;;
NOR;USA;4892718,449;;;;;;;;;;;;
NOR;ZAF;185315,547;;;;;;;;;;;;
NZL;ARG;139907,288;;;;;;;;;;;;
NZL;AUS;4304850,182;;;;;;;;;;;;
NZL;AUT;138868,822;;;;;;;;;;;;
NZL;BEL;225080,824;;;;;;;;;;;;
NZL;BGR;30058,958;;;;;;;;;;;;
NZL;BLR;14141,099;;;;;;;;;;;;
NZL;BRA;105083,464;;;;;;;;;;;;
NZL;CAN;448596,511;;;;;;;;;;;;
NZL;CHE;239300,946;;;;;;;;;;;;
NZL;CHN;7103801,247;;;;;;;;;;;;
NZL;CYP;1273,15;;;;;;;;;;;;
NZL;CZE;90023,226;;;;;;;;;;;;
NZL;DEU;1708693,243;;;;;;;;;;;;
NZL;DNK;146795,545;;;;;;;;;;;;
NZL;ESP;367451,529;;;;;;;;;;;;
NZL;EST;2873,884;;;;;;;;;;;;
NZL;FIN;117054,02;;;;;;;;;;;;
NZL;FRA;961794,773;;;;;;;;;;;;
NZL;GBR;942866,042;;;;;;;;;;;;
NZL;GRC;17403,895;;;;;;;;;;;;
NZL;HRV;2066,818;;;;;;;;;;;;
NZL;HUN;58656,54;;;;;;;;;;;;
NZL;IND;416374,013;;;;;;;;;;;;
NZL;IRL;147028,856;;;;;;;;;;;;
NZL;LTU;16274,62;;;;;;;;;;;;
NZL;LUX;5279,165;;;;;;;;;;;;
NZL;LVA;3845,858;;;;;;;;;;;;
NZL;MLT;3428,324;;;;;;;;;;;;
NZL;NLD;388681,554;;;;;;;;;;;;
NZL;NZL;0;;;;;;;;;;;;
NZL;PHL;88236,339;;;;;;;;;;;;
NZL;POL;81510,648;;;;;;;;;;;;
NZL;PRT;26118,973;;;;;;;;;;;;
NZL;RUS;363381,913;;;;;;;;;;;;
NZL;SVK;57310,918;;;;;;;;;;;;
NZL;SVN;10213,605;;;;;;;;;;;;
NZL;SWE;211275,181;;;;;;;;;;;;
NZL;TUR;127716,763;;;;;;;;;;;;
NZL;UKR;9899,095;;;;;;;;;;;;
NZL;USA;4301350,134;;;;;;;;;;;;
NZL;ZAF;117793,451;;;;;;;;;;;;
PHL;ARG;199082,307;;;;;;;;;;;;
PHL;AUS;845209,229;;;;;;;;;;;;
PHL;AUT;71242,639;;;;;;;;;;;;
PHL;BEL;393267,289;;;;;;;;;;;;
PHL;BGR;33768,411;;;;;;;;;;;;
PHL;BLR;9070,271;;;;;;;;;;;;
PHL;BRA;318480,264;;;;;;;;;;;;
PHL;CAN;394191,393;;;;;;;;;;;;
PHL;CHE;310003,398;;;;;;;;;;;;
PHL;CHN;11477931,15;;;;;;;;;;;;
PHL;CYP;2202,901;;;;;;;;;;;;
PHL;CZE;107276,789;;;;;;;;;;;;
PHL;DEU;2592748,803;;;;;;;;;;;;
PHL;DNK;109978,246;;;;;;;;;;;;
PHL;ESP;344643,032;;;;;;;;;;;;
PHL;EST;1076,185;;;;;;;;;;;;
PHL;FIN;186777,668;;;;;;;;;;;;
PHL;FRA;1092561,784;;;;;;;;;;;;
PHL;GBR;410967,933;;;;;;;;;;;;
PHL;GRC;8039,576;;;;;;;;;;;;
PHL;HRV;3296,633;;;;;;;;;;;;
PHL;HUN;16587,23;;;;;;;;;;;;
PHL;IND;1279162,311;;;;;;;;;;;;
PHL;IRL;149236,381;;;;;;;;;;;;
PHL;LTU;4885,11;;;;;;;;;;;;
PHL;LUX;1144,395;;;;;;;;;;;;
PHL;LVA;586,255;;;;;;;;;;;;
PHL;MLT;8153,073;;;;;;;;;;;;
PHL;NLD;414526,498;;;;;;;;;;;;
PHL;NZL;387592,433;;;;;;;;;;;;
PHL;POL;27552,153;;;;;;;;;;;;
PHL;PRT;5181,24;;;;;;;;;;;;
PHL;RUS;322859,035;;;;;;;;;;;;
PHL;SVK;1946,006;;;;;;;;;;;;
PHL;SVN;7988,643;;;;;;;;;;;;
PHL;SWE;153897,762;;;;;;;;;;;;
PHL;TUR;103316,861;;;;;;;;;;;;
PHL;UKR;138242,054;;;;;;;;;;;;
PHL;USA;7629436,233;;;;;;;;;;;;
PHL;ZAF;53755,23;;;;;;;;;;;;
POL;ARG;647007,652;;;;;;;;;;;;
POL;AUS;327624,817;;;;;;;;;;;;
POL;AUT;3335874,314;;;;;;;;;;;;
POL;BEL;4585266,224;;;;;;;;;;;;
POL;BGR;498846,648;;;;;;;;;;;;
POL;BLR;831648,24;;;;;;;;;;;;
POL;BRA;1013509,099;;;;;;;;;;;;
POL;CAN;361132,757;;;;;;;;;;;;
POL;CHE;1527525,301;;;;;;;;;;;;
POL;CHN;22380080,21;;;;;;;;;;;;
POL;CYP;256733,026;;;;;;;;;;;;
POL;CZE;6360032,284;;;;;;;;;;;;
POL;DEU;42556314,11;;;;;;;;;;;;
POL;DNK;2251566,301;;;;;;;;;;;;
POL;ESP;4059115,778;;;;;;;;;;;;
POL;EST;177400,892;;;;;;;;;;;;
POL;FIN;1569143,832;;;;;;;;;;;;
POL;FRA;7057103,668;;;;;;;;;;;;
POL;GBR;5052234,171;;;;;;;;;;;;
POL;GRC;478236,146;;;;;;;;;;;;
POL;HRV;178930,655;;;;;;;;;;;;
POL;HUN;3120384,147;;;;;;;;;;;;
POL;IND;1725536,042;;;;;;;;;;;;
POL;IRL;1600883,761;;;;;;;;;;;;
POL;LTU;993504,322;;;;;;;;;;;;
POL;LUX;312729,806;;;;;;;;;;;;
POL;LVA;341229,886;;;;;;;;;;;;
POL;MLT;28110,528;;;;;;;;;;;;
POL;NLD;7168018,833;;;;;;;;;;;;
POL;NZL;46413,076;;;;;;;;;;;;
POL;PHL;286815,02;;;;;;;;;;;;
POL;PRT;581909,345;;;;;;;;;;;;
POL;RUS;11958567,95;;;;;;;;;;;;
POL;SVK;3389968,342;;;;;;;;;;;;
POL;SVN;685440,874;;;;;;;;;;;;
POL;SWE;3454691,453;;;;;;;;;;;;
POL;TUR;2861352,065;;;;;;;;;;;;
POL;UKR;1698738,389;;;;;;;;;;;;
POL;USA;5131408,819;;;;;;;;;;;;
POL;ZAF;231520,409;;;;;;;;;;;;
PRT;ARG;48231,594;;;;;;;;;;;;
PRT;AUS;40259,696;;;;;;;;;;;;
PRT;AUT;336083,865;;;;;;;;;;;;
PRT;BEL;1883690,687;;;;;;;;;;;;
PRT;BGR;88000,74;;;;;;;;;;;;
PRT;BLR;629,454;;;;;;;;;;;;
PRT;BRA;953434,667;;;;;;;;;;;;
PRT;CAN;79776,705;;;;;;;;;;;;
PRT;CHE;292892,033;;;;;;;;;;;;
PRT;CHN;1971045,287;;;;;;;;;;;;
PRT;CYP;6823,593;;;;;;;;;;;;
PRT;CZE;522175,728;;;;;;;;;;;;
PRT;DEU;8531618,062;;;;;;;;;;;;
PRT;DNK;293243,373;;;;;;;;;;;;
PRT;ESP;22100895,56;;;;;;;;;;;;
PRT;EST;25737,292;;;;;;;;;;;;
PRT;FIN;185875,468;;;;;;;;;;;;
PRT;FRA;4954532,502;;;;;;;;;;;;
PRT;GBR;2099290,1;;;;;;;;;;;;
PRT;GRC;140389,717;;;;;;;;;;;;
PRT;HRV;50303,702;;;;;;;;;;;;
PRT;HUN;356740,232;;;;;;;;;;;;
PRT;IND;509000,174;;;;;;;;;;;;
PRT;IRL;566828,777;;;;;;;;;;;;
PRT;LTU;77348,769;;;;;;;;;;;;
PRT;LUX;127545,781;;;;;;;;;;;;
PRT;LVA;16262,155;;;;;;;;;;;;
PRT;MLT;18371,801;;;;;;;;;;;;
PRT;NLD;3418520,28;;;;;;;;;;;;
PRT;NZL;20846,51;;;;;;;;;;;;
PRT;PHL;23179,538;;;;;;;;;;;;
PRT;POL;649335,086;;;;;;;;;;;;
PRT;RUS;706205,217;;;;;;;;;;;;
PRT;SVK;206869,369;;;;;;;;;;;;
PRT;SVN;61965,106;;;;;;;;;;;;
PRT;SWE;717194,04;;;;;;;;;;;;
PRT;TUR;495440,571;;;;;;;;;;;;
PRT;UKR;293332,118;;;;;;;;;;;;
PRT;USA;1071266,099;;;;;;;;;;;;
PRT;ZAF;135138,639;;;;;;;;;;;;
ROM;ARG;72489,699;;;;;;;;;;;;
ROM;AUS;27184,997;;;;;;;;;;;;
ROM;AUT;2556165,729;;;;;;;;;;;;
ROM;BEL;1541692,315;;;;;;;;;;;;
ROM;BGR;1871314,488;;;;;;;;;;;;
ROM;BLR;61531,954;;;;;;;;;;;;
ROM;BRA;326830,455;;;;;;;;;;;;
ROM;CAN;67832,643;;;;;;;;;;;;
ROM;CHE;495170,428;;;;;;;;;;;;
ROM;CHN;3194151,043;;;;;;;;;;;;
ROM;CYP;54393,228;;;;;;;;;;;;
ROM;CZE;1932471,581;;;;;;;;;;;;
ROM;DEU;13291814,06;;;;;;;;;;;;
ROM;DNK;278950,878;;;;;;;;;;;;
ROM;ESP;1712308,274;;;;;;;;;;;;
ROM;EST;38850,694;;;;;;;;;;;;
ROM;FIN;172992,903;;;;;;;;;;;;
ROM;FRA;3782310,148;;;;;;;;;;;;
ROM;GBR;1660662,049;;;;;;;;;;;;
ROM;GRC;761921,133;;;;;;;;;;;;
ROM;HRV;130502,311;;;;;;;;;;;;
ROM;HUN;5269483,055;;;;;;;;;;;;
ROM;IND;267246,772;;;;;;;;;;;;
ROM;IRL;407423,333;;;;;;;;;;;;
ROM;LTU;72398,855;;;;;;;;;;;;
ROM;LUX;72330,876;;;;;;;;;;;;
ROM;LVA;18892,671;;;;;;;;;;;;
ROM;MLT;38235,717;;;;;;;;;;;;
ROM;NLD;2672188,665;;;;;;;;;;;;
ROM;NZL;5907,943;;;;;;;;;;;;
ROM;PHL;17552,283;;;;;;;;;;;;
ROM;POL;3250145,8;;;;;;;;;;;;
ROM;PRT;303094,666;;;;;;;;;;;;
ROM;RUS;2207503,045;;;;;;;;;;;;
ROM;SVK;1537607,21;;;;;;;;;;;;
ROM;SVN;451556,567;;;;;;;;;;;;
ROM;SWE;394060,309;;;;;;;;;;;;
ROM;TUR;2511825,603;;;;;;;;;;;;
ROM;UKR;621818,373;;;;;;;;;;;;
ROM;USA;748157,668;;;;;;;;;;;;
ROM;ZAF;40830,719;;;;;;;;;;;;
RUS;ARG;827053,198;;;;;;;;;;;;
RUS;AUS;575413,534;;;;;;;;;;;;
RUS;AUT;1751612,74;;;;;;;;;;;;
RUS;BEL;1868686,174;;;;;;;;;;;;
RUS;BGR;459509,335;;;;;;;;;;;;
RUS;BLR;7988756,423;;;;;;;;;;;;
RUS;BRA;2928293,772;;;;;;;;;;;;
RUS;CAN;815445,156;;;;;;;;;;;;
RUS;CHE;1994692,908;;;;;;;;;;;;
RUS;CHN;35199263,89;;;;;;;;;;;;
RUS;CYP;28220,101;;;;;;;;;;;;
RUS;CZE;2679134,129;;;;;;;;;;;;
RUS;DEU;18991575,89;;;;;;;;;;;;
RUS;DNK;840300,173;;;;;;;;;;;;
RUS;ESP;2738262,65;;;;;;;;;;;;
RUS;EST;459287,752;;;;;;;;;;;;
RUS;FIN;2410599,634;;;;;;;;;;;;
RUS;FRA;5563160,137;;;;;;;;;;;;
RUS;GBR;3700077,703;;;;;;;;;;;;
RUS;GRC;229115,935;;;;;;;;;;;;
RUS;HRV;231994,519;;;;;;;;;;;;
RUS;HUN;1690521,352;;;;;;;;;;;;
RUS;IND;2263052,815;;;;;;;;;;;;
RUS;IRL;832328,117;;;;;;;;;;;;
RUS;LTU;354659,639;;;;;;;;;;;;
RUS;LUX;102539,61;;;;;;;;;;;;
RUS;LVA;329263,783;;;;;;;;;;;;
RUS;MLT;24332,676;;;;;;;;;;;;
RUS;NLD;2926575,553;;;;;;;;;;;;
RUS;NZL;111812,385;;;;;;;;;;;;
RUS;PHL;267932,015;;;;;;;;;;;;
RUS;POL;3839509,075;;;;;;;;;;;;
RUS;PRT;393784,519;;;;;;;;;;;;
RUS;RUS;144,849;;;;;;;;;;;;
RUS;SVK;1590173,61;;;;;;;;;;;;
RUS;SVN;845208,757;;;;;;;;;;;;
RUS;SWE;1827722,445;;;;;;;;;;;;
RUS;TUR;4068851,727;;;;;;;;;;;;
RUS;UKR;5642762,327;;;;;;;;;;;;
RUS;USA;11489695,22;;;;;;;;;;;;
RUS;ZAF;585132,473;;;;;;;;;;;;
SVK;ARG;13052,248;;;;;;;;;;;;
SVK;AUS;55077,43;;;;;;;;;;;;
SVK;AUT;1977360,939;;;;;;;;;;;;
SVK;BEL;809699,103;;;;;;;;;;;;
SVK;BGR;146748,819;;;;;;;;;;;;
SVK;BLR;105381,164;;;;;;;;;;;;
SVK;BRA;100003,635;;;;;;;;;;;;
SVK;CAN;87241,946;;;;;;;;;;;;
SVK;CHE;534415,876;;;;;;;;;;;;
SVK;CHN;6464337,996;;;;;;;;;;;;
SVK;CYP;46116,433;;;;;;;;;;;;
SVK;CZE;8076818,43;;;;;;;;;;;;
SVK;DEU;11521327,06;;;;;;;;;;;;
SVK;DNK;298444,049;;;;;;;;;;;;
SVK;ESP;936050,774;;;;;;;;;;;;
SVK;EST;17558,095;;;;;;;;;;;;
SVK;FIN;157312,705;;;;;;;;;;;;
SVK;FRA;2299787,869;;;;;;;;;;;;
SVK;GBR;826426,244;;;;;;;;;;;;
SVK;GRC;107286,076;;;;;;;;;;;;
SVK;HRV;158666,569;;;;;;;;;;;;
SVK;HUN;3623916,025;;;;;;;;;;;;
SVK;IND;307855,248;;;;;;;;;;;;
SVK;IRL;231119,691;;;;;;;;;;;;
SVK;LTU;73508,587;;;;;;;;;;;;
SVK;LUX;74754,019;;;;;;;;;;;;
SVK;LVA;42519,576;;;;;;;;;;;;
SVK;MLT;9397,706;;;;;;;;;;;;
SVK;NLD;1024357,643;;;;;;;;;;;;
SVK;NZL;2011,311;;;;;;;;;;;;
SVK;PHL;41780,098;;;;;;;;;;;;
SVK;POL;3746046,652;;;;;;;;;;;;
SVK;PRT;213985,442;;;;;;;;;;;;
SVK;RUS;4436317,191;;;;;;;;;;;;
SVK;SVK;0;;;;;;;;;;;;
SVK;SVN;398045,489;;;;;;;;;;;;
SVK;SWE;377652,774;;;;;;;;;;;;
SVK;TUR;542399,901;;;;;;;;;;;;
SVK;UKR;498103,541;;;;;;;;;;;;
SVK;USA;800248,758;;;;;;;;;;;;
SVK;ZAF;24447,879;;;;;;;;;;;;
SVN;ARG;91656,856;;;;;;;;;;;;
SVN;AUS;23051,503;;;;;;;;;;;;
SVN;AUT;2225269,955;;;;;;;;;;;;
SVN;BEL;392551,79;;;;;;;;;;;;
SVN;BGR;106462,44;;;;;;;;;;;;
SVN;BLR;10509,895;;;;;;;;;;;;
SVN;BRA;215084,595;;;;;;;;;;;;
SVN;CAN;56030,242;;;;;;;;;;;;
SVN;CHE;498188,942;;;;;;;;;;;;
SVN;CHN;1669074,13;;;;;;;;;;;;
SVN;CYP;1869,14;;;;;;;;;;;;
SVN;CZE;694434,318;;;;;;;;;;;;
SVN;DEU;4453401,342;;;;;;;;;;;;
SVN;DNK;80532,952;;;;;;;;;;;;
SVN;ESP;531785,65;;;;;;;;;;;;
SVN;EST;13305,357;;;;;;;;;;;;
SVN;FIN;78071,997;;;;;;;;;;;;
SVN;FRA;984723,763;;;;;;;;;;;;
SVN;GBR;442877,83;;;;;;;;;;;;
SVN;GRC;155200,577;;;;;;;;;;;;
SVN;HRV;1235077,884;;;;;;;;;;;;
SVN;HUN;712354,172;;;;;;;;;;;;
SVN;IND;311934,864;;;;;;;;;;;;
SVN;IRL;85854,081;;;;;;;;;;;;
SVN;LTU;39770,191;;;;;;;;;;;;
SVN;LUX;31294,671;;;;;;;;;;;;
SVN;LVA;8771,028;;;;;;;;;;;;
SVN;MLT;8570,736;;;;;;;;;;;;
SVN;NLD;534959,485;;;;;;;;;;;;
SVN;NZL;1558,401;;;;;;;;;;;;
SVN;PHL;14689,392;;;;;;;;;;;;
SVN;POL;686173,162;;;;;;;;;;;;
SVN;PRT;59779,048;;;;;;;;;;;;
SVN;RUS;325898,928;;;;;;;;;;;;
SVN;SVK;358586,982;;;;;;;;;;;;
SVN;SVN;7,798;;;;;;;;;;;;
SVN;SWE;169911,749;;;;;;;;;;;;
SVN;TUR;437987,119;;;;;;;;;;;;
SVN;UKR;30342,709;;;;;;;;;;;;
SVN;USA;654521,948;;;;;;;;;;;;
SVN;ZAF;28127,648;;;;;;;;;;;;
SWE;ARG;69875,735;;;;;;;;;;;;
SWE;AUS;249392,632;;;;;;;;;;;;
SWE;AUT;1522616,326;;;;;;;;;;;;
SWE;BEL;5529660,945;;;;;;;;;;;;
SWE;BGR;131395,761;;;;;;;;;;;;
SWE;BLR;52980,773;;;;;;;;;;;;
SWE;BRA;618544,456;;;;;;;;;;;;
SWE;CAN;439338,926;;;;;;;;;;;;
SWE;CHE;1080573,267;;;;;;;;;;;;
SWE;CHN;8214526,583;;;;;;;;;;;;
SWE;CYP;28079,654;;;;;;;;;;;;
SWE;CZE;1913779,69;;;;;;;;;;;;
SWE;DEU;22658411;;;;;;;;;;;;
SWE;DNK;9550315,51;;;;;;;;;;;;
SWE;ESP;1746862,158;;;;;;;;;;;;
SWE;EST;2063940,396;;;;;;;;;;;;
SWE;FIN;5720290,089;;;;;;;;;;;;
SWE;FRA;5564066,84;;;;;;;;;;;;
SWE;GBR;6924223,671;;;;;;;;;;;;
SWE;GRC;136171,568;;;;;;;;;;;;
SWE;HRV;43174,706;;;;;;;;;;;;
SWE;HUN;1004672,223;;;;;;;;;;;;
SWE;IND;711176,474;;;;;;;;;;;;
SWE;IRL;1902252,206;;;;;;;;;;;;
SWE;LTU;876443,378;;;;;;;;;;;;
SWE;LUX;294848,408;;;;;;;;;;;;
SWE;LVA;545055,623;;;;;;;;;;;;
SWE;MLT;62934,937;;;;;;;;;;;;
SWE;NLD;10486142,74;;;;;;;;;;;;
SWE;NZL;50469,793;;;;;;;;;;;;
SWE;PHL;47715,148;;;;;;;;;;;;
SWE;POL;4447825,133;;;;;;;;;;;;
SWE;PRT;402089,338;;;;;;;;;;;;
SWE;RUS;4727592,243;;;;;;;;;;;;
SWE;SVK;929470,63;;;;;;;;;;;;
SWE;SVN;188912,827;;;;;;;;;;;;
SWE;TUR;1191924,225;;;;;;;;;;;;
SWE;UKR;65114,511;;;;;;;;;;;;
SWE;USA;3725316,815;;;;;;;;;;;;
SWE;ZAF;193197,751;;;;;;;;;;;;
TUR;ARG;363803,054;;;;;;;;;;;;
TUR;AUS;549693,635;;;;;;;;;;;;
TUR;AUT;1626051,539;;;;;;;;;;;;
TUR;BEL;3247448,154;;;;;;;;;;;;
TUR;BGR;2347766,451;;;;;;;;;;;;
TUR;BLR;194938,173;;;;;;;;;;;;
TUR;BRA;1586704,784;;;;;;;;;;;;
TUR;CAN;984645,64;;;;;;;;;;;;
TUR;CHE;2530626,895;;;;;;;;;;;;
TUR;CHN;25247698,34;;;;;;;;;;;;
TUR;CYP;93983,081;;;;;;;;;;;;
TUR;CZE;2309332,649;;;;;;;;;;;;
TUR;DEU;22726912,51;;;;;;;;;;;;
TUR;DNK;829549,31;;;;;;;;;;;;
TUR;ESP;5706191,539;;;;;;;;;;;;
TUR;EST;282041,882;;;;;;;;;;;;
TUR;FIN;1010645,919;;;;;;;;;;;;
TUR;FRA;7982040,885;;;;;;;;;;;;
TUR;GBR;5282994,3;;;;;;;;;;;;
TUR;GRC;1851289,965;;;;;;;;;;;;
TUR;HRV;142862,093;;;;;;;;;;;;
TUR;HUN;1376240,903;;;;;;;;;;;;
TUR;IND;5598542,568;;;;;;;;;;;;
TUR;IRL;856375,383;;;;;;;;;;;;
TUR;LTU;251018,789;;;;;;;;;;;;
TUR;LUX;230599,924;;;;;;;;;;;;
TUR;LVA;123182,218;;;;;;;;;;;;
TUR;MLT;27531,445;;;;;;;;;;;;
TUR;NLD;3002415,834;;;;;;;;;;;;
TUR;NZL;73704,467;;;;;;;;;;;;
TUR;PHL;136571,364;;;;;;;;;;;;
TUR;POL;3148485,98;;;;;;;;;;;;
TUR;PRT;697047,75;;;;;;;;;;;;
TUR;RUS;11477534,3;;;;;;;;;;;;
TUR;SVK;889921,599;;;;;;;;;;;;
TUR;SVN;354972,822;;;;;;;;;;;;
TUR;SWE;1666887,579;;;;;;;;;;;;
TUR;UKR;3391864,538;;;;;;;;;;;;
TUR;USA;11339702,84;;;;;;;;;;;;
TUR;ZAF;902793,143;;;;;;;;;;;;
UKR;ARG;52604,063;;;;;;;;;;;;
UKR;AUS;159245,299;;;;;;;;;;;;
UKR;AUT;363707,462;;;;;;;;;;;;
UKR;BEL;359369,715;;;;;;;;;;;;
UKR;BGR;227643,884;;;;;;;;;;;;
UKR;BLR;2448531,527;;;;;;;;;;;;
UKR;BRA;165532,46;;;;;;;;;;;;
UKR;CAN;205969,49;;;;;;;;;;;;
UKR;CHE;454506,354;;;;;;;;;;;;
UKR;CHN;3766306,399;;;;;;;;;;;;
UKR;CYP;14392,942;;;;;;;;;;;;
UKR;CZE;477027,766;;;;;;;;;;;;
UKR;DEU;3967553,166;;;;;;;;;;;;
UKR;DNK;147031,2;;;;;;;;;;;;
UKR;ESP;436801,326;;;;;;;;;;;;
UKR;EST;77251,495;;;;;;;;;;;;
UKR;FIN;221601,276;;;;;;;;;;;;
UKR;FRA;889408,134;;;;;;;;;;;;
UKR;GBR;562928,593;;;;;;;;;;;;
UKR;GRC;237013,528;;;;;;;;;;;;
UKR;HRV;15075,226;;;;;;;;;;;;
UKR;HUN;1608145,092;;;;;;;;;;;;
UKR;IND;443513,922;;;;;;;;;;;;
UKR;IRL;75395,576;;;;;;;;;;;;
UKR;LTU;550439,015;;;;;;;;;;;;
UKR;LUX;57523,002;;;;;;;;;;;;
UKR;LVA;64739,954;;;;;;;;;;;;
UKR;MLT;15359,855;;;;;;;;;;;;
UKR;NLD;449356,963;;;;;;;;;;;;
UKR;NZL;9966,692;;;;;;;;;;;;
UKR;PHL;17445,475;;;;;;;;;;;;
UKR;POL;2308801,406;;;;;;;;;;;;
UKR;PRT;44588,253;;;;;;;;;;;;
UKR;RUS;7480216,027;;;;;;;;;;;;
UKR;SVK;346266,453;;;;;;;;;;;;
UKR;SVN;128577,958;;;;;;;;;;;;
UKR;SWE;271955,305;;;;;;;;;;;;
UKR;TUR;834977,472;;;;;;;;;;;;
UKR;USA;1461798,501;;;;;;;;;;;;
UKR;ZAF;151095,947;;;;;;;;;;;;
USA;ARG;3980491,045;;;;;;;;;;;;
USA;AUS;10198671,64;;;;;;;;;;;;
USA;AUT;11232417,65;;;;;;;;;;;;
USA;BEL;17930330,93;;;;;;;;;;;;
USA;BGR;600898,641;;;;;;;;;;;;
USA;BLR;163037,612;;;;;;;;;;;;
USA;BRA;25814933,28;;;;;;;;;;;;
USA;CAN;285015134,1;;;;;;;;;;;;
USA;CHE;27807022,75;;;;;;;;;;;;
USA;CHN;498423201;;;;;;;;;;;;
USA;CYP;24448,474;;;;;;;;;;;;
USA;CZE;4478714,298;;;;;;;;;;;;
USA;DEU;122214585,6;;;;;;;;;;;;
USA;DNK;7656688,722;;;;;;;;;;;;
USA;ESP;14067181,4;;;;;;;;;;;;
USA;EST;504840,034;;;;;;;;;;;;
USA;FIN;4511749,378;;;;;;;;;;;;
USA;FRA;45143531,4;;;;;;;;;;;;
USA;GBR;53042746,7;;;;;;;;;;;;
USA;GRC;1369874,6;;;;;;;;;;;;
USA;HRV;560689,039;;;;;;;;;;;;
USA;HUN;5595878,776;;;;;;;;;;;;
USA;IND;46062231,01;;;;;;;;;;;;
USA;IRL;37488508;;;;;;;;;;;;
USA;LTU;1102909,162;;;;;;;;;;;;
USA;LUX;505218,641;;;;;;;;;;;;
USA;LVA;312362,691;;;;;;;;;;;;
USA;MLT;166314,461;;;;;;;;;;;;
USA;NLD;16001520,45;;;;;;;;;;;;
USA;NZL;4286458,734;;;;;;;;;;;;
USA;PHL;10384619,91;;;;;;;;;;;;
USA;POL;5580544,008;;;;;;;;;;;;
USA;PRT;3266895,425;;;;;;;;;;;;
USA;RUS;16867255,75;;;;;;;;;;;;
USA;SVK;2284244,016;;;;;;;;;;;;
USA;SVN;670487,405;;;;;;;;;;;;
USA;SWE;9748088,055;;;;;;;;;;;;
USA;TUR;8051641,612;;;;;;;;;;;;
USA;UKR;884740,921;;;;;;;;;;;;
USA;ZAF;7236861,218;;;;;;;;;;;;
ZAF;ARG;584309,856;;;;;;;;;;;;
ZAF;AUS;958295,101;;;;;;;;;;;;
ZAF;AUT;497315,332;;;;;;;;;;;;
ZAF;BEL;1001462,216;;;;;;;;;;;;
ZAF;BGR;77645,422;;;;;;;;;;;;
ZAF;BLR;12507,75;;;;;;;;;;;;
ZAF;BRA;1091773,003;;;;;;;;;;;;
ZAF;CAN;455704,052;;;;;;;;;;;;
ZAF;CHE;722766,674;;;;;;;;;;;;
ZAF;CHN;15431511,04;;;;;;;;;;;;
ZAF;CYP;5079,971;;;;;;;;;;;;
ZAF;CZE;492351,039;;;;;;;;;;;;
ZAF;DEU;6681147,739;;;;;;;;;;;;
ZAF;DNK;357439,69;;;;;;;;;;;;
ZAF;ESP;1319655,716;;;;;;;;;;;;
ZAF;EST;42967,97;;;;;;;;;;;;
ZAF;FIN;340692,319;;;;;;;;;;;;
ZAF;FRA;1893104,039;;;;;;;;;;;;
ZAF;GBR;2622850,184;;;;;;;;;;;;
ZAF;GRC;55579,156;;;;;;;;;;;;
ZAF;HRV;10891,534;;;;;;;;;;;;
ZAF;HUN;263650,923;;;;;;;;;;;;
ZAF;IND;4166518,456;;;;;;;;;;;;
ZAF;IRL;433550,133;;;;;;;;;;;;
ZAF;LTU;35808,961;;;;;;;;;;;;
ZAF;LUX;53917,3;;;;;;;;;;;;
ZAF;LVA;16968,395;;;;;;;;;;;;
ZAF;MLT;15507,501;;;;;;;;;;;;
ZAF;NLD;1218607,648;;;;;;;;;;;;
ZAF;NZL;156391,68;;;;;;;;;;;;
ZAF;PHL;119501,494;;;;;;;;;;;;
ZAF;POL;641470,368;;;;;;;;;;;;
ZAF;PRT;188828,118;;;;;;;;;;;;
ZAF;RUS;484929,784;;;;;;;;;;;;
ZAF;SVK;142244,012;;;;;;;;;;;;
ZAF;SVN;45637,096;;;;;;;;;;;;
ZAF;SWE;819319,354;;;;;;;;;;;;
ZAF;TUR;554769,975;;;;;;;;;;;;
ZAF;UKR;64576,779;;;;;;;;;;;;
ZAF;USA;5881434,826;;;;;;;;;;;;
ZAF;ZAF;0;;;;;;;;;;;;
